"source","line","symbol","phase_hint","family","task","file_sha256","disposition","condition_present"
"Plugins/Angelscript/Source/AngelscriptRuntime/Binds/Bind_TArray_Type.cpp","","","","Containers","4.3","214b46c6210e76d427d4c48bb0e9a9914b723cd9d82c84208b54713a5826a7b2","companion_no_output","False"
"Plugins/Angelscript/Source/AngelscriptRuntime/Binds/Bind_TArray.cpp","1084","Bind_TArray_TypeDeclarations","TypeDeclarations","Containers","4.3","85dd4252bace17112b203463aaa352fabd425ab2fc9d4d4f00fced77297bcde1","present","False"
"Plugins/Angelscript/Source/AngelscriptRuntime/Binds/Bind_TArray.cpp","1103","Bind_TArray_MethodSurface","TypeInfrastructure","Containers","4.3","85dd4252bace17112b203463aaa352fabd425ab2fc9d4d4f00fced77297bcde1","present","False"
"Plugins/Angelscript/Source/AngelscriptRuntime/Binds/Bind_TArray.cpp","1297","Bind_TArray_TypeInfrastructure","TypeInfrastructure","Containers","4.3","85dd4252bace17112b203463aaa352fabd425ab2fc9d4d4f00fced77297bcde1","present","False"
"Plugins/Angelscript/Source/AngelscriptRuntime/Binds/Bind_TMap_Type.cpp","","","","Containers","4.3","efd593f5c253fdfae880cad45e2adc4d8d7502b4781e02048968f83474fc5deb","companion_no_output","False"
"Plugins/Angelscript/Source/AngelscriptRuntime/Binds/Bind_TMap.cpp","492","Bind_TMap_TypeDeclarations","TypeDeclarations","Containers","4.3","4cadfca61dec6e5d7c0aee02772aa10427cabb733f6b7c359af4f8f106e57f5a","present","False"
"Plugins/Angelscript/Source/AngelscriptRuntime/Binds/Bind_TMap.cpp","511","Bind_TMap_MethodSurface","TypeInfrastructure","Containers","4.3","4cadfca61dec6e5d7c0aee02772aa10427cabb733f6b7c359af4f8f106e57f5a","present","False"
"Plugins/Angelscript/Source/AngelscriptRuntime/Binds/Bind_TMap.cpp","661","Bind_TMap_TypeInfrastructure","TypeInfrastructure","Containers","4.3","4cadfca61dec6e5d7c0aee02772aa10427cabb733f6b7c359af4f8f106e57f5a","present","False"
"Plugins/Angelscript/Source/AngelscriptRuntime/Binds/Bind_TOptional_Type.cpp","","","","Containers","4.3","0a88572a4fcf63d4671d0c635e7daef70a047c7c6ea6a16f435a6717bf672799","companion_no_output","False"
"Plugins/Angelscript/Source/AngelscriptRuntime/Binds/Bind_TOptional.cpp","246","Bind_TOptional_TypeDeclarations","TypeDeclarations","Containers","4.3","f720d2e6fcb53eb52b8e3145760bc41e6d3b459da45853cbbf485552dad27912","present","False"
"Plugins/Angelscript/Source/AngelscriptRuntime/Binds/Bind_TOptional.cpp","261","Bind_TOptional_MethodSurface","TypeInfrastructure","Containers","4.3","f720d2e6fcb53eb52b8e3145760bc41e6d3b459da45853cbbf485552dad27912","present","False"
"Plugins/Angelscript/Source/AngelscriptRuntime/Binds/Bind_TOptional.cpp","331","Bind_TOptional_TypeInfrastructure","TypeInfrastructure","Containers","4.3","f720d2e6fcb53eb52b8e3145760bc41e6d3b459da45853cbbf485552dad27912","present","False"
"Plugins/Angelscript/Source/AngelscriptRuntime/Binds/Bind_TSet_Type.cpp","","","","Containers","4.3","b3baf6d5612cec7076c4f6b58a4f0642b67c8378ba036f9095d20977862f8d8b","companion_no_output","False"
"Plugins/Angelscript/Source/AngelscriptRuntime/Binds/Bind_TSet.cpp","324","Bind_TSet_TypeDeclarations","TypeDeclarations","Containers","4.3","70d5ae354653d1abe4d7d25335c764b1324edb590b94092de6f267f3e99f82c7","present","False"
"Plugins/Angelscript/Source/AngelscriptRuntime/Binds/Bind_TSet.cpp","343","Bind_TSet_MethodSurface","TypeInfrastructure","Containers","4.3","70d5ae354653d1abe4d7d25335c764b1324edb590b94092de6f267f3e99f82c7","present","False"
"Plugins/Angelscript/Source/AngelscriptRuntime/Binds/Bind_TSet.cpp","441","Bind_TSet_TypeInfrastructure","TypeInfrastructure","Containers","4.3","70d5ae354653d1abe4d7d25335c764b1324edb590b94092de6f267f3e99f82c7","present","False"
"Plugins/Angelscript/Source/AngelscriptRuntime/Binds/Bind_ConfigEnums.cpp","20","Bind_ConfigEnums","TypeDeclarations","Core","4.1","a84bf66c6dd3172c90c9158352ea72422a98e88d63f69ff386082e6618235b00","present","False"
"Plugins/Angelscript/Source/AngelscriptRuntime/Binds/Bind_CoreGlobals.cpp","69","Bind_CoreGlobals","ExplicitBindings","Core","4.1","2ac2546f09ff32179ff5c5aedec7dadb13289edc1bb296b7ca6b987fd06290d7","present","False"
"Plugins/Angelscript/Source/AngelscriptRuntime/Binds/Bind_FDateTime.cpp","166","Bind_FDateTime_ToStringContribution","TypeInfrastructure","Core","4.1","48fca4452d5496c5f6d8a3a59f1a3f8e5003612913c06c06309a9df3a35bbe27","present","False"
"Plugins/Angelscript/Source/AngelscriptRuntime/Binds/Bind_FDateTime.cpp","174","Bind_FDateTime","ExplicitBindings","Core","4.1","48fca4452d5496c5f6d8a3a59f1a3f8e5003612913c06c06309a9df3a35bbe27","present","False"
"Plugins/Angelscript/Source/AngelscriptRuntime/Binds/Bind_FFormatArgumentValue_Type.cpp","","","","Core","4.1","d7354491b53ff57bd8c4dc20bb04a681c705599f4424f6ea37973f36693cc4a6","companion_no_output","False"
"Plugins/Angelscript/Source/AngelscriptRuntime/Binds/Bind_FFormatArgumentValue.cpp","32","Bind_FFormatArgumentValue_Type","TypeDeclarations","Core","4.1","e205519a912c2d4c609deab2908a0b05e30d7df133ca40e3f8e0e8aba27ea790","present","False"
"Plugins/Angelscript/Source/AngelscriptRuntime/Binds/Bind_FFormatArgumentValue.cpp","42","Bind_FFormatArgumentValue_Infrastructure","TypeInfrastructure","Core","4.1","e205519a912c2d4c609deab2908a0b05e30d7df133ca40e3f8e0e8aba27ea790","present","False"
"Plugins/Angelscript/Source/AngelscriptRuntime/Binds/Bind_FFormatArgumentValue.cpp","50","Bind_FFormatArgumentValue","ExplicitBindings","Core","4.1","e205519a912c2d4c609deab2908a0b05e30d7df133ca40e3f8e0e8aba27ea790","present","False"
"Plugins/Angelscript/Source/AngelscriptRuntime/Binds/Bind_FFrameTime.cpp","33","Bind_FFrameTime","ExplicitBindings","Core","4.1","2ca0dd0b2dbc6e2b8902b215564c4c452022a88bf589da2bfe8618a31c760a4b","present","False"
"Plugins/Angelscript/Source/AngelscriptRuntime/Binds/Bind_FGuid.cpp","55","Bind_EGuidFormats","TypeDeclarations","Core","4.1","5cf08f69bf3785a16e2488140d908a5f9e33c60e13925cc9fcf0ee437d74a2ca","present","False"
"Plugins/Angelscript/Source/AngelscriptRuntime/Binds/Bind_FGuid.cpp","71","Bind_FGuid","ExplicitBindings","Core","4.1","5cf08f69bf3785a16e2488140d908a5f9e33c60e13925cc9fcf0ee437d74a2ca","present","False"
"Plugins/Angelscript/Source/AngelscriptRuntime/Binds/Bind_FName_Type.cpp","","","","Core","4.1","80f529814ed4b260e94e3e1a482c513e9b2e28d51a102b9c47ef25623573c048","companion_no_output","False"
"Plugins/Angelscript/Source/AngelscriptRuntime/Binds/Bind_FName.cpp","65","Bind_FName_Type","TypeDeclarations","Core","4.1","2c8c2587d44f04fa574fd0b3ae7239dc1685b4d627a8dc242c367d12116f3346","present","False"
"Plugins/Angelscript/Source/AngelscriptRuntime/Binds/Bind_FName.cpp","75","Bind_FName_Infrastructure","TypeInfrastructure","Core","4.1","2c8c2587d44f04fa574fd0b3ae7239dc1685b4d627a8dc242c367d12116f3346","present","False"
"Plugins/Angelscript/Source/AngelscriptRuntime/Binds/Bind_FName.cpp","84","Bind_FName","ExplicitBindings","Core","4.1","2c8c2587d44f04fa574fd0b3ae7239dc1685b4d627a8dc242c367d12116f3346","present","False"
"Plugins/Angelscript/Source/AngelscriptRuntime/Binds/Bind_FNumberFormattingOptions_Type.cpp","","","","Core","4.1","8d2fece711e23e341c5887c1db3f4bbb83092ce5821816124ee50345a9192369","companion_no_output","False"
"Plugins/Angelscript/Source/AngelscriptRuntime/Binds/Bind_FNumberFormattingOptions.cpp","43","Bind_FNumberFormattingOptions_Type","TypeDeclarations","Core","4.1","ee6d267abbd33d4c2571441a744edf2ef318a7134c0c8f8b119f29f2820d3ed7","present","False"
"Plugins/Angelscript/Source/AngelscriptRuntime/Binds/Bind_FNumberFormattingOptions.cpp","54","Bind_FNumberFormattingOptions","ExplicitBindings","Core","4.1","ee6d267abbd33d4c2571441a744edf2ef318a7134c0c8f8b119f29f2820d3ed7","present","False"
"Plugins/Angelscript/Source/AngelscriptRuntime/Binds/Bind_FString_Functions.cpp","","","","Core","4.1","a0486aa893f5d6f4842c98e7a2579b157e1e79df4b9422c860dafaae2a848ce9","companion_no_output","False"
"Plugins/Angelscript/Source/AngelscriptRuntime/Binds/Bind_FString_Type.cpp","","","","Core","4.1","ded6ecc760135bb421b8bc30e56c2b6504c8715c9700429370eaec1596321a2b","companion_no_output","False"
"Plugins/Angelscript/Source/AngelscriptRuntime/Binds/Bind_FString.cpp","1487","Bind_FString_TypeDeclarations","TypeDeclarations","Core","4.1","6487d819589b9b598bac5335d6f4437d26e61c54a557ce75aa33bb237c88e472","present","False"
"Plugins/Angelscript/Source/AngelscriptRuntime/Binds/Bind_FString.cpp","1495","Bind_FString_TypeInfrastructure","TypeInfrastructure","Core","4.1","6487d819589b9b598bac5335d6f4437d26e61c54a557ce75aa33bb237c88e472","present","False"
"Plugins/Angelscript/Source/AngelscriptRuntime/Binds/Bind_FString.cpp","1507","Bind_FString_ManualBindings","ExplicitBindings","Core","4.1","6487d819589b9b598bac5335d6f4437d26e61c54a557ce75aa33bb237c88e472","present","False"
"Plugins/Angelscript/Source/AngelscriptRuntime/Binds/Bind_FStringTableRegistry.cpp","48","Bind_FStringTableRegistry_Types","TypeDeclarations","Core","4.1","18b662c65da250ea71c812b902ea3082a3dbf6fe81d18bbc854dfa9124dfd082","present","False"
"Plugins/Angelscript/Source/AngelscriptRuntime/Binds/Bind_FStringTableRegistry.cpp","59","Bind_FStringTableRegistry","ExplicitBindings","Core","4.1","18b662c65da250ea71c812b902ea3082a3dbf6fe81d18bbc854dfa9124dfd082","present","False"
"Plugins/Angelscript/Source/AngelscriptRuntime/Binds/Bind_FText_Functions.cpp","","","","Core","4.1","213e61d80f5ce6c8b8aba60efd53c89a9e4546dc2f5fa7ac44633c705bf41a1d","companion_no_output","False"
"Plugins/Angelscript/Source/AngelscriptRuntime/Binds/Bind_FText_Type.cpp","","","","Core","4.1","5b174404b1fdffdf18f320f39cbeed2dd0a881507ae56c9a9d7d8d5ce945ad1f","companion_no_output","False"
"Plugins/Angelscript/Source/AngelscriptRuntime/Binds/Bind_FText.cpp","120","Bind_FText_Type","TypeDeclarations","Core","4.1","554d0c41de07cd52fa69ad7c2c6b6469d61d70a1d0ddea5d16e0af5d2c51a4b1","present","False"
"Plugins/Angelscript/Source/AngelscriptRuntime/Binds/Bind_FText.cpp","140","Bind_FText_Infrastructure","TypeInfrastructure","Core","4.1","554d0c41de07cd52fa69ad7c2c6b6469d61d70a1d0ddea5d16e0af5d2c51a4b1","present","False"
"Plugins/Angelscript/Source/AngelscriptRuntime/Binds/Bind_FText.cpp","154","Bind_FText","ExplicitBindings","Core","4.1","554d0c41de07cd52fa69ad7c2c6b6469d61d70a1d0ddea5d16e0af5d2c51a4b1","present","False"
"Plugins/Angelscript/Source/AngelscriptRuntime/Binds/Bind_FTimespan.cpp","123","Bind_FTimespan","ExplicitBindings","Core","4.1","2c72a286e79d4f1e880d4b76fd73f18402355d6011ad3818596a9922fcdeceac","present","False"
"Plugins/Angelscript/Source/AngelscriptRuntime/Binds/Bind_Hash.cpp","40","Bind_Hash","ExplicitBindings","Core","4.1","efbbb89a3f811c09800810111134929ccc575d8e76db02d0003a2ae514ba8799","present","False"
"Plugins/Angelscript/Source/AngelscriptRuntime/Binds/Bind_Primitives.cpp","128","Bind_PrimitiveTypes_TypeInfrastructure","TypeInfrastructure","Core","4.1","d6664102658b44aac07794c5e010ceae6de739160e4bb13a8e243804b99ff22e","present","False"
"Plugins/Angelscript/Source/AngelscriptRuntime/Binds/Bind_Primitives.cpp","180","Bind_PrimitiveTypes_ToStringContribution","TypeInfrastructure","Core","4.1","d6664102658b44aac07794c5e010ceae6de739160e4bb13a8e243804b99ff22e","present","False"
"Plugins/Angelscript/Source/AngelscriptRuntime/Binds/Bind_Primitives.cpp","241","Bind_PrimitiveTypes","TypeInfrastructure","Core","4.1","d6664102658b44aac07794c5e010ceae6de739160e4bb13a8e243804b99ff22e","present","False"
"Plugins/Angelscript/Source/AngelscriptRuntime/Binds/Bind_AActor_Functions.cpp","","","","EngineGameplay","4.5","35bf3e1329e88323d0300bdcb4b18ebb0484fe49a9132b7be3f1958de174f562","companion_no_output","False"
"Plugins/Angelscript/Source/AngelscriptRuntime/Binds/Bind_AActor.cpp","120","Bind_AActor","ExplicitBindings","EngineGameplay","4.5","3800c505632294fbb9bf0eb320f97114caf224990eb5806f4e402daefaa38926","present","False"
"Plugins/Angelscript/Source/AngelscriptRuntime/Binds/Bind_AActor.cpp","194","Bind_Actors","PostReflectionBindings","EngineGameplay","4.5","3800c505632294fbb9bf0eb320f97114caf224990eb5806f4e402daefaa38926","present","False"
"Plugins/Angelscript/Source/AngelscriptRuntime/Binds/Bind_APlayerController_Functions.cpp","","","","EngineGameplay","4.5","0583a99cbc6caad38e7349f1b211ba169a2456348e2ed3f6d7f9c8b24c47d4bc","companion_no_output","False"
"Plugins/Angelscript/Source/AngelscriptRuntime/Binds/Bind_APlayerController.cpp","60","Bind_AController","ExplicitBindings","EngineGameplay","4.5","f32ac7df2f7eff828c0f4bc7a472dd3e5c5846493a88ff8e0782980bdd99d5cc","present","False"
"Plugins/Angelscript/Source/AngelscriptRuntime/Binds/Bind_APlayerController.cpp","74","Bind_APlayerController","ExplicitBindings","EngineGameplay","4.5","f32ac7df2f7eff828c0f4bc7a472dd3e5c5846493a88ff8e0782980bdd99d5cc","present","False"
"Plugins/Angelscript/Source/AngelscriptRuntime/Binds/Bind_APlayerController.cpp","88","Bind_APawn","ExplicitBindings","EngineGameplay","4.5","f32ac7df2f7eff828c0f4bc7a472dd3e5c5846493a88ff8e0782980bdd99d5cc","present","False"
"Plugins/Angelscript/Source/AngelscriptRuntime/Binds/Bind_AVolume.cpp","33","Bind_AVolume","ExplicitBindings","EngineGameplay","4.5","2812d7e6eba43011b1e00bbec3b986c39d33839f5fd9a001db46ee068564ad1a","present","False"
"Plugins/Angelscript/Source/AngelscriptRuntime/Binds/Bind_CollisionProfile.cpp","38","Bind_CollisionProfile","ExplicitBindings","EngineGameplay","4.5","d437e121bc94a8ee75142eed631461c80265d4dd74e2110e5b9c261ccd7da658","present","False"
"Plugins/Angelscript/Source/AngelscriptRuntime/Binds/Bind_FActorSpawnParameters.cpp","43","Bind_FActorSpawnParameters_TypeDeclarations","TypeDeclarations","EngineGameplay","4.5","5197b52ea77aad57bfc5d7332be5631e94b5277f339734b9a2819b375ce9799d","present","False"
"Plugins/Angelscript/Source/AngelscriptRuntime/Binds/Bind_FActorSpawnParameters.cpp","58","Bind_FActorSpawnParameters_TypeInfrastructure","TypeInfrastructure","EngineGameplay","4.5","5197b52ea77aad57bfc5d7332be5631e94b5277f339734b9a2819b375ce9799d","present","False"
"Plugins/Angelscript/Source/AngelscriptRuntime/Binds/Bind_FActorSpawnParameters.cpp","66","Bind_FActorSpawnParameters","ExplicitBindings","EngineGameplay","4.5","5197b52ea77aad57bfc5d7332be5631e94b5277f339734b9a2819b375ce9799d","present","False"
"Plugins/Angelscript/Source/AngelscriptRuntime/Binds/Bind_FBodyInstance.cpp","21","Bind_FBodyInstance","ExplicitBindings","EngineGameplay","4.5","e2b575eee93d2889f44b4d148b73e8fff05aa31821a7797796d6f8c2d5067c7c","present","False"
"Plugins/Angelscript/Source/AngelscriptRuntime/Binds/Bind_FCollisionQueryParams_Functions.cpp","","","","EngineGameplay","4.5","64cbb844d0de90db0c01ce6ab9d838cbd71505c1334541792fc7ed9607952fdf","companion_no_output","False"
"Plugins/Angelscript/Source/AngelscriptRuntime/Binds/Bind_FCollisionQueryParams_Type.cpp","","","","EngineGameplay","4.5","ccf89f07039e959d1924fa6f51aa8a9087a132237b32139b53e7b11a3e1d4fa3","companion_no_output","False"
"Plugins/Angelscript/Source/AngelscriptRuntime/Binds/Bind_FCollisionQueryParams.cpp","422","Bind_FCollisionQueryParams_TypeDeclarations","TypeDeclarations","EngineGameplay","4.5","80d812646511601b27a21eeb3b60096631a63ce97abec4c716647cc497ff79e1","present","False"
"Plugins/Angelscript/Source/AngelscriptRuntime/Binds/Bind_FCollisionQueryParams.cpp","456","Bind_FCollisionQueryParams_TypeInfrastructure","TypeInfrastructure","EngineGameplay","4.5","80d812646511601b27a21eeb3b60096631a63ce97abec4c716647cc497ff79e1","present","False"
"Plugins/Angelscript/Source/AngelscriptRuntime/Binds/Bind_FCollisionQueryParams.cpp","468","Bind_FCollisionQueryParams_ManualBindings","ExplicitBindings","EngineGameplay","4.5","80d812646511601b27a21eeb3b60096631a63ce97abec4c716647cc497ff79e1","present","False"
"Plugins/Angelscript/Source/AngelscriptRuntime/Binds/Bind_FCollisionShape_Type.cpp","","","","EngineGameplay","4.5","fd3e8ce2d8428e5cefb5640ea43ce35ea8d11169759b8b2db53900e060e6c7cd","companion_no_output","False"
"Plugins/Angelscript/Source/AngelscriptRuntime/Binds/Bind_FCollisionShape.cpp","78","Bind_FCollisionShape_Types","TypeDeclarations","EngineGameplay","4.5","5398aa521c300ec83935360b1792377e3c11203fc1266397c65557d3224a5c71","present","False"
"Plugins/Angelscript/Source/AngelscriptRuntime/Binds/Bind_FCollisionShape.cpp","95","Bind_FCollisionShape","ExplicitBindings","EngineGameplay","4.5","5398aa521c300ec83935360b1792377e3c11203fc1266397c65557d3224a5c71","present","False"
"Plugins/Angelscript/Source/AngelscriptRuntime/Binds/Bind_FHitResult.cpp","102","Bind_FHitResult","ExplicitBindings","EngineGameplay","4.5","c7b99a62587b9f039af1ad070383cb71f50fd143e8c929c30c10e150d3b2dc74","present","False"
"Plugins/Angelscript/Source/AngelscriptRuntime/Binds/Bind_FInputActionKeyMapping.cpp","15","Bind_FInputActionKeyMapping","ExplicitBindings","EngineGameplay","4.5","f2467a50ddf36deac68905885cebf1447e272ac26e5bc8377c4052fe8e47ba71","present","False"
"Plugins/Angelscript/Source/AngelscriptRuntime/Binds/Bind_FInputActionValue.cpp","52","Bind_FInputActionValue","ExplicitBindings","EngineGameplay","4.5","e0104428bbb266374ac683a70e24f3f32e3c69c0067531f0f02ba7773cf0c92c","present","False"
"Plugins/Angelscript/Source/AngelscriptRuntime/Binds/Bind_FInputBindingHandle.cpp","62","Bind_FInputBindingHandle_Types","TypeDeclarations","EngineGameplay","4.5","7ae3624b37f49e140173b45e52131d142f5da8b3be7a20d68f871879affc7e7b","present","False"
"Plugins/Angelscript/Source/AngelscriptRuntime/Binds/Bind_FInputBindingHandle.cpp","78","Bind_FInputBindingHandle","ExplicitBindings","EngineGameplay","4.5","7ae3624b37f49e140173b45e52131d142f5da8b3be7a20d68f871879affc7e7b","present","False"
"Plugins/Angelscript/Source/AngelscriptRuntime/Binds/Bind_FLatentActionInfo.cpp","38","Bind_FLatentActionInfo","ExplicitBindings","EngineGameplay","4.5","c5eba69972042d2eec9aea38c8ade293f8f7dd97ea8f35bb1e6ce8ac76ee27bb","present","False"
"Plugins/Angelscript/Source/AngelscriptRuntime/Binds/Bind_FOverlapResult.cpp","40","Bind_FOverlapResult","ExplicitBindings","EngineGameplay","4.5","f02b1ed7323d1b9565123bf509799a8675f687c47c5aabca12d39b2d35daa17c","present","False"
"Plugins/Angelscript/Source/AngelscriptRuntime/Binds/Bind_InputComponentScriptMixins.cpp","21","Bind_InputComponentScriptMixins","ExplicitBindings","EngineGameplay","4.5","e207a29c33c039df653db0f91a08791d506bfd496164ba426ffc7b88441bf304","present","False"
"Plugins/Angelscript/Source/AngelscriptRuntime/Binds/Bind_InputEvents_Functions.cpp","","","","EngineGameplay","4.5","6dada7ac6a97409f22e92d97aeff4df0d98501bf19d4be55feca44c639da22c0","companion_no_output","False"
"Plugins/Angelscript/Source/AngelscriptRuntime/Binds/Bind_InputEvents.cpp","301","Bind_InputEvents_ToStringContribution","TypeInfrastructure","EngineGameplay","4.5","3d2555ea0f890da6dd0969a5f5877fa91e2786457ee42aff265c58331b022f99","present","False"
"Plugins/Angelscript/Source/AngelscriptRuntime/Binds/Bind_InputEvents.cpp","309","Bind_InputEvents","ExplicitBindings","EngineGameplay","4.5","3d2555ea0f890da6dd0969a5f5877fa91e2786457ee42aff265c58331b022f99","present","False"
"Plugins/Angelscript/Source/AngelscriptRuntime/Binds/Bind_LandscapeProxy.cpp","22","Bind_ALandscapeProxy","ExplicitBindings","EngineGameplay","4.5","280873d145153a03258b9005f31579d1c654c9e973b83a30cb302c3d69c8b86c","present","False"
"Plugins/Angelscript/Source/AngelscriptRuntime/Binds/Bind_UActorComponent.cpp","121","Bind_UActorComponent","ExplicitBindings","EngineGameplay","4.5","ac64b8a5a0bf7393432d1b9c12b9412e89d1f76d206760db59660c5bd4b0fd96","present","False"
"Plugins/Angelscript/Source/AngelscriptRuntime/Binds/Bind_UActorComponent.cpp","186","Bind_Components","PostReflectionBindings","EngineGameplay","4.5","ac64b8a5a0bf7393432d1b9c12b9412e89d1f76d206760db59660c5bd4b0fd96","present","False"
"Plugins/Angelscript/Source/AngelscriptRuntime/Binds/Bind_UCollisionProfile.cpp","28","Bind_UCollisionProfile","ExplicitBindings","EngineGameplay","4.5","681122980e1098cc4b4d3348686ae93cc63aa977b1e27132dcd571caa0787718","present","False"
"Plugins/Angelscript/Source/AngelscriptRuntime/Binds/Bind_UEnhancedInputComponent.cpp","84","Bind_UEnhancedInputComponent","ExplicitBindings","EngineGameplay","4.5","cd50bb26a31d1712e1ffbac5ec0f64aa126f2dd75e8d33bd5099bae6c1b1edb9","present","False"
"Plugins/Angelscript/Source/AngelscriptRuntime/Binds/Bind_UFXSystemComponent.cpp","14","Bind_UFXSystemComponent","ExplicitBindings","EngineGameplay","4.5","eb5ea9c4c700131ae1eaa5b641af938de794335611e20884b145eeebb5f50f0b","present","False"
"Plugins/Angelscript/Source/AngelscriptRuntime/Binds/Bind_UGameInstance.cpp","50","Bind_UGameInstance","ExplicitBindings","EngineGameplay","4.5","d72cc976f91fcfbf2158f70f989e8b18c68aca7c2b84eb4f0a08d13871308de3","present","False"
"Plugins/Angelscript/Source/AngelscriptRuntime/Binds/Bind_UInputMappingContext_Functions.cpp","","","","EngineGameplay","4.5","2878ce8e7326b8d53ffaaf9b04612ecd9ae2fd78439c9b6d997d00c8b9fb248f","companion_no_output","False"
"Plugins/Angelscript/Source/AngelscriptRuntime/Binds/Bind_UInputMappingContext.cpp","69","Bind_UInputAction_Late","ExplicitBindings","EngineGameplay","4.5","f266395c277244f1712dc900271b1312c595e4974eb8fc2b8d54f3a9204f0adf","present","False"
"Plugins/Angelscript/Source/AngelscriptRuntime/Binds/Bind_UInputMappingContext.cpp","85","Bind_FEnhancedActionKeyMapping_Late","ExplicitBindings","EngineGameplay","4.5","f266395c277244f1712dc900271b1312c595e4974eb8fc2b8d54f3a9204f0adf","present","False"
"Plugins/Angelscript/Source/AngelscriptRuntime/Binds/Bind_UInputMappingContext.cpp","111","Bind_UInputMappingContext_Late","ExplicitBindings","EngineGameplay","4.5","f266395c277244f1712dc900271b1312c595e4974eb8fc2b8d54f3a9204f0adf","present","False"
"Plugins/Angelscript/Source/AngelscriptRuntime/Binds/Bind_UInputSettings.cpp","29","Bind_UInputSettings","ExplicitBindings","EngineGameplay","4.5","6b89d10eba8b48ca2d4912115e25292118e4a83a7593e152be6c2f14c236cf82","present","False"
"Plugins/Angelscript/Source/AngelscriptRuntime/Binds/Bind_ULocalPlayer.cpp","16","Bind_ULocalPlayer","ExplicitBindings","EngineGameplay","4.5","52be207a17e91776ae8cbd79732769d58086800dbda4662952756c11c386dfb4","present","False"
"Plugins/Angelscript/Source/AngelscriptRuntime/Binds/Bind_UPoseableMeshComponent.cpp","22","Bind_UPoseableMeshComponent","ExplicitBindings","EngineGameplay","4.5","5a621b06ccdba57cf42861ca680101c646a2ba6b132d4e600fc295120beafa9c","present","False"
"Plugins/Angelscript/Source/AngelscriptRuntime/Binds/Bind_UPrimitiveComponent.cpp","37","Bind_UPrimitiveComponent","ExplicitBindings","EngineGameplay","4.5","643d272b0770a18d0f6da00e304c8ccc290ad7521353619e778080fd46794701","present","False"
"Plugins/Angelscript/Source/AngelscriptRuntime/Binds/Bind_UProjectileMovementComponent.cpp","24","Bind_UProjectileMovementComponent","ExplicitBindings","EngineGameplay","4.5","dc297ad13dda53d45f2d0a4781facb4fe6b154e025ff0f717d5f233a7f3572ad","present","False"
"Plugins/Angelscript/Source/AngelscriptRuntime/Binds/Bind_USceneComponent_Functions.cpp","","","","EngineGameplay","4.5","f345be4cd01b3da3853c04fc4c3d669d26827f664cd08dd99bc3a38f08ffc3dd","companion_no_output","False"
"Plugins/Angelscript/Source/AngelscriptRuntime/Binds/Bind_USceneComponent.cpp","41","Bind_USceneComponent","ExplicitBindings","EngineGameplay","4.5","030655e622c8b7fa0268d4a1a3cc169d40d6f6a90226c143a5bd633de2dca066","present","False"
"Plugins/Angelscript/Source/AngelscriptRuntime/Binds/Bind_USceneComponent.cpp","87","Bind_FScopedMovementUpdate_TypeInfrastructure","TypeDeclarations","EngineGameplay","4.5","030655e622c8b7fa0268d4a1a3cc169d40d6f6a90226c143a5bd633de2dca066","present","False"
"Plugins/Angelscript/Source/AngelscriptRuntime/Binds/Bind_USkeletalMeshComponent.cpp","18","Bind_USkeletalMeshComponent","ExplicitBindings","EngineGameplay","4.5","096fc7409b951cae70a3961fa588f32652427b707845e2d69a46960e957ab31d","present","False"
"Plugins/Angelscript/Source/AngelscriptRuntime/Binds/Bind_USkinnedMeshComponent.cpp","16","Bind_USkinnedMeshComponent","ExplicitBindings","EngineGameplay","4.5","1f23a0c4025d77a12e9128ff30c676479f87a2eccb9d6033a90c3995ba8f5659","present","False"
"Plugins/Angelscript/Source/AngelscriptRuntime/Binds/Bind_UUserWidget_Functions.cpp","","","","EngineGameplay","4.5","6c363a3a856a52fc32bafdcd1c02c1b2355cb0f8a7b55e43292d70284628fe88","companion_no_output","False"
"Plugins/Angelscript/Source/AngelscriptRuntime/Binds/Bind_UUserWidget.cpp","90","Bind_UUserWidget","ExplicitBindings","EngineGameplay","4.5","fd17e313ee74b1570de382600419cb488d12829282771d28e11f671b3d7dc54e","present","False"
"Plugins/Angelscript/Source/AngelscriptRuntime/Binds/Bind_UWorld.cpp","123","Bind_WorldType","TypeDeclarations","EngineGameplay","4.5","80f5127db3a9ce22d029d0eab948ff87f85658e262dcd74997b8282b824c6187","present","False"
"Plugins/Angelscript/Source/AngelscriptRuntime/Binds/Bind_UWorld.cpp","139","Bind_NetMode","TypeDeclarations","EngineGameplay","4.5","80f5127db3a9ce22d029d0eab948ff87f85658e262dcd74997b8282b824c6187","present","False"
"Plugins/Angelscript/Source/AngelscriptRuntime/Binds/Bind_UWorld.cpp","152","Bind_World","ExplicitBindings","EngineGameplay","4.5","80f5127db3a9ce22d029d0eab948ff87f85658e262dcd74997b8282b824c6187","present","False"
"Plugins/Angelscript/Source/AngelscriptRuntime/Binds/Bind_WorldCollision_Functions.cpp","","","","EngineGameplay","4.5","06fcecd1647e00fa4b97774e979810df42f58c8ae71b2a297086d540025b391f","companion_no_output","False"
"Plugins/Angelscript/Source/AngelscriptRuntime/Binds/Bind_WorldCollision_Type.cpp","","","","EngineGameplay","4.5","b25fe1e8261d3fd3cbe260f60ac4259254e1599d1d36bdedd4aaac361cae2b94","companion_no_output","False"
"Plugins/Angelscript/Source/AngelscriptRuntime/Binds/Bind_WorldCollision.cpp","576","Bind_WorldCollision_TypeDeclarations","TypeDeclarations","EngineGameplay","4.5","5ea510962b7b699bc43eb7481c92fdc47a91559d12c70c7e40bc3c28e958e98e","present","False"
"Plugins/Angelscript/Source/AngelscriptRuntime/Binds/Bind_WorldCollision.cpp","587","Bind_WorldCollision_TypeInfrastructure","TypeInfrastructure","EngineGameplay","4.5","5ea510962b7b699bc43eb7481c92fdc47a91559d12c70c7e40bc3c28e958e98e","present","False"
"Plugins/Angelscript/Source/AngelscriptRuntime/Binds/Bind_WorldCollision.cpp","597","Bind_WorldCollision_ManualBindings","ExplicitBindings","EngineGameplay","4.5","5ea510962b7b699bc43eb7481c92fdc47a91559d12c70c7e40bc3c28e958e98e","present","False"
"Plugins/Angelscript/Source/AngelscriptRuntime/Binds/Bind_AssetBundleData.cpp","58","Bind_AssetBundleData_Type","TypeDeclarations","EngineServices","4.6","1eba34b4e7952dc8a658e96fdf769821220f5fd8c3894da2bbe46ea71bb6bf1d","present","False"
"Plugins/Angelscript/Source/AngelscriptRuntime/Binds/Bind_AssetBundleData.cpp","68","Bind_AssetBundleData","ExplicitBindings","EngineServices","4.6","1eba34b4e7952dc8a658e96fdf769821220f5fd8c3894da2bbe46ea71bb6bf1d","present","False"
"Plugins/Angelscript/Source/AngelscriptRuntime/Binds/Bind_AssetManagerScriptMixins.cpp","21","Bind_AssetManagerScriptMixins","ExplicitBindings","EngineServices","4.6","9681cfd72f1a828b84b310eaba1082cd8210bb3669e403641cd9c8b4ebd16bda","present","False"
"Plugins/Angelscript/Source/AngelscriptRuntime/Binds/Bind_AssetRegistry_Functions.cpp","","","","EngineServices","4.6","c077213e932a18472a3cbd72a5d8cabd4de07df3231f697aa056583b2f095ad3","companion_no_output","False"
"Plugins/Angelscript/Source/AngelscriptRuntime/Binds/Bind_AssetRegistry.cpp","93","Bind_AssetRegistry_ToStringContribution","TypeInfrastructure","EngineServices","4.6","6b1ee01f315d7ef979b88f571a2ea9f3e14c09ec282037013ea2595895c2fb08","present","False"
"Plugins/Angelscript/Source/AngelscriptRuntime/Binds/Bind_AssetRegistry.cpp","104","Bind_AssetRegistry","ExplicitBindings","EngineServices","4.6","6b1ee01f315d7ef979b88f571a2ea9f3e14c09ec282037013ea2595895c2fb08","present","False"
"Plugins/Angelscript/Source/AngelscriptRuntime/Binds/Bind_Console_Functions.cpp","","","","EngineServices","4.6","326df20d0efce76054b3a233c06cd5e40fd7820509c43db2f3b0dd6dc4001349","companion_no_output","False"
"Plugins/Angelscript/Source/AngelscriptRuntime/Binds/Bind_Console.cpp","47","Bind_ConsoleTypes","TypeDeclarations","EngineServices","4.6","85c6ddf2aaff73e719ed457f4cec740dc43be1648589e58ffc3f21b164ecec73","present","False"
"Plugins/Angelscript/Source/AngelscriptRuntime/Binds/Bind_Console.cpp","57","Bind_ConsoleVariables","ExplicitBindings","EngineServices","4.6","85c6ddf2aaff73e719ed457f4cec740dc43be1648589e58ffc3f21b164ecec73","present","False"
"Plugins/Angelscript/Source/AngelscriptRuntime/Binds/Bind_Console.cpp","100","Bind_ConsoleCommands","ExplicitBindings","EngineServices","4.6","85c6ddf2aaff73e719ed457f4cec740dc43be1648589e58ffc3f21b164ecec73","present","False"
"Plugins/Angelscript/Source/AngelscriptRuntime/Binds/Bind_Debugging_Functions.cpp","","","","EngineServices","4.6","c9149ab6b5099b40083aa91075a8b5ff9e8307d3099c8bed92161028b6bf44ec","companion_no_output","False"
"Plugins/Angelscript/Source/AngelscriptRuntime/Binds/Bind_Debugging.cpp","41","Bind_Debugging","ExplicitBindings","EngineServices","4.6","f9279bfbff8cf37f5b1c45211e3cb205d57ecf654bd6797735e34cffd94f3f16","present","False"
"Plugins/Angelscript/Source/AngelscriptRuntime/Binds/Bind_Deprecations.cpp","16","Bind_Deprecations","TypeDeclarations","EngineServices","4.6","8dd425404bdacc8d481dbe1fc5dc2be38dab024134285f0759c03d1e5d721c53","present","False"
"Plugins/Angelscript/Source/AngelscriptRuntime/Binds/Bind_FApp.cpp","23","Bind_FApp","ExplicitBindings","EngineServices","4.6","e09ec2a37c09968295b1371efad315d82cc6586b2f9b3bed24b09a2de64798bd","present","False"
"Plugins/Angelscript/Source/AngelscriptRuntime/Binds/Bind_FCommandLine.cpp","23","Bind_FCommandLine","ExplicitBindings","EngineServices","4.6","fa526073235dcf19a3068708fb3fc4e80aa0b2a80f0e3e7cdd5205367fc6b064","present","False"
"Plugins/Angelscript/Source/AngelscriptRuntime/Binds/Bind_FCpuProfilerTraceScoped.cpp","21","Bind_TraceCPUProfilerEventScoped","ExplicitBindings","EngineServices","4.6","179475ece26ba65d10fb4fb0ba2b811176d3b11cf795e28f5769d1d45108e6c9","present","False"
"Plugins/Angelscript/Source/AngelscriptRuntime/Binds/Bind_FFileHelper.cpp","49","Bind_FFileHelper_Types","TypeDeclarations","EngineServices","4.6","6569039d571a1236b08b892dee010fc4368ea17a36ea408cf90bfbf9274cb23e","present","False"
"Plugins/Angelscript/Source/AngelscriptRuntime/Binds/Bind_FFileHelper.cpp","83","Bind_FFileHelper","ExplicitBindings","EngineServices","4.6","6569039d571a1236b08b892dee010fc4368ea17a36ea408cf90bfbf9274cb23e","present","False"
"Plugins/Angelscript/Source/AngelscriptRuntime/Binds/Bind_FGenericPlatformMisc.cpp","22","Bind_FGenericPlatformMisc","ExplicitBindings","EngineServices","4.6","0c36d354ec2b8573b18b7847f95f967acdb06ed00622028619b9f2dd2f900b2e","present","False"
"Plugins/Angelscript/Source/AngelscriptRuntime/Binds/Bind_FMemoryReader_Functions.cpp","","","","EngineServices","4.6","11e55eee3523555315d85b896cc456e08387e71741cf4b3ce7d56034bfec6390","companion_no_output","False"
"Plugins/Angelscript/Source/AngelscriptRuntime/Binds/Bind_FMemoryReader.cpp","49","Bind_FMemoryReaderType","TypeDeclarations","EngineServices","4.6","769289cce9cc197667c80cdf9745bb64e32b6e9622a676308f90cb04556f83c0","present","False"
"Plugins/Angelscript/Source/AngelscriptRuntime/Binds/Bind_FMemoryReader.cpp","57","Bind_FMemoryReader","ExplicitBindings","EngineServices","4.6","769289cce9cc197667c80cdf9745bb64e32b6e9622a676308f90cb04556f83c0","present","False"
"Plugins/Angelscript/Source/AngelscriptRuntime/Binds/Bind_FMessageDialog.cpp","33","Bind_FMessageDialog","ExplicitBindings","EngineServices","4.6","dce09c29f07264a4bb8906f94ba42b6a9a728e39bfc5e9518c32250d9f39b5af","present","False"
"Plugins/Angelscript/Source/AngelscriptRuntime/Binds/Bind_FParse.cpp","32","Bind_FParse","ExplicitBindings","EngineServices","4.6","8f86f1c371377a6203b52512022d2392f3b751989815e7445b9c06978a16cf8c","present","False"
"Plugins/Angelscript/Source/AngelscriptRuntime/Binds/Bind_FPaths.cpp","124","Bind_FPaths","ExplicitBindings","EngineServices","4.6","f7e3a9c80e508efd8d4521dff1f03e6d3284e3ce69329ed9ad849fd279c8b512","present","False"
"Plugins/Angelscript/Source/AngelscriptRuntime/Binds/Bind_FPlatformApplicationMisc.cpp","24","Bind_FPlatformApplicationMisc","ExplicitBindings","EngineServices","4.6","0d6bdf7996a49838b49d6c5656808f42d7951e7b0cd023ac9b3bae1f936d957e","present","False"
"Plugins/Angelscript/Source/AngelscriptRuntime/Binds/Bind_FPlatformMisc.cpp","28","Bind_FPlatformMisc","ExplicitBindings","EngineServices","4.6","b8b47717f8414fc83f43b05b28cfd0bd7caf940689c99936af5dae0219fa4662","present","False"
"Plugins/Angelscript/Source/AngelscriptRuntime/Binds/Bind_FPlatformProcess.cpp","60","Bind_FPlatformProcess","ExplicitBindings","EngineServices","4.6","704463659270391499d64ccaa3986e3d2bf537d0cddf83697f487e561f7bd7e1","present","False"
"Plugins/Angelscript/Source/AngelscriptRuntime/Binds/Bind_Json_Functions.cpp","","","","EngineServices","4.6","4f57b8ed1209cf34d5a1ddbc4c3d5cd968d6b542fd770199c9ceb4ebd78649be","companion_no_output","False"
"Plugins/Angelscript/Source/AngelscriptRuntime/Binds/Bind_Json.cpp","152","Bind_Json_TypeDeclarations","TypeDeclarations","EngineServices","4.6","ea6f996fd6c92af51a2ad66c713b67e21344f821a9a1e35259763ed4d183740a","present","False"
"Plugins/Angelscript/Source/AngelscriptRuntime/Binds/Bind_Json.cpp","172","Bind_Json","ExplicitBindings","EngineServices","4.6","ea6f996fd6c92af51a2ad66c713b67e21344f821a9a1e35259763ed4d183740a","present","False"
"Plugins/Angelscript/Source/AngelscriptRuntime/Binds/Bind_JsonObjectConverter_Functions.cpp","","","","EngineServices","4.6","d109878ff31f9bfe0fdd5303d3e383c5c089f5191267044ff663cdde8b72fbe4","companion_no_output","False"
"Plugins/Angelscript/Source/AngelscriptRuntime/Binds/Bind_JsonObjectConverter.cpp","34","Bind_JsonObjectConverter","ExplicitBindings","EngineServices","4.6","4aa47326eb470196704a09cd80294f10f7487792a5c8a3a627b2d49e7a945e9b","present","False"
"Plugins/Angelscript/Source/AngelscriptRuntime/Binds/Bind_Logging_Functions.cpp","","","","EngineServices","4.6","e9e4dab6f1948c7ffc73c56d54e24ea0003ccb403fa45dd8e809595e9dc72853","companion_no_output","False"
"Plugins/Angelscript/Source/AngelscriptRuntime/Binds/Bind_Logging.cpp","80","Bind_Logging","ExplicitBindings","EngineServices","4.6","9c9e52c6029392802bbc8f8dca45b7fafdefac65ace68e49c907ce83b3536b4b","present","False"
"Plugins/Angelscript/Source/AngelscriptRuntime/Binds/Bind_NativeModuleFunctionBinding.cpp","659","Bind_AS_NativeModuleFunctionBinding","GeneratedBindings","EngineServices","4.6","9194620567e54dabf9f1f9458045b8d7be5e4d8bd4cf4b7ebaf23c6748a60209","present","False"
"Plugins/Angelscript/Source/AngelscriptRuntime/Binds/Bind_Primitives_Type.cpp","","","","EngineServices","4.6","77f01f333ee71a9a091b9755106ad7ebd0425e2d531faa5ca3bd795f1269f6fc","companion_no_output","False"
"Plugins/Angelscript/Source/AngelscriptRuntime/Binds/Bind_Stats.cpp","47","Bind_Stats_Types","TypeDeclarations","EngineServices","4.6","c5c2c5f727282cb384538625bd9a7060d7f7534c891693a373e248668d51eb0d","present","False"
"Plugins/Angelscript/Source/AngelscriptRuntime/Binds/Bind_Stats.cpp","59","Bind_Stats","ExplicitBindings","EngineServices","4.6","c5c2c5f727282cb384538625bd9a7060d7f7534c891693a373e248668d51eb0d","present","False"
"Plugins/Angelscript/Source/AngelscriptRuntime/Binds/Bind_Subsystems_Functions.cpp","","","","EngineServices","4.6","2ed65c1456e268a3450bdaf1a68f66002d599690665796a043777f89139aaab1","companion_no_output","False"
"Plugins/Angelscript/Source/AngelscriptRuntime/Binds/Bind_Subsystems.cpp","48","Bind_Subsystems","PostReflectionBindings","EngineServices","4.6","81657b726eb7fd6865636cba0ead6626f3faee94814698745b280dfb1b8bd4fd","present","False"
"Plugins/Angelscript/Source/AngelscriptRuntime/Binds/Bind_SystemTimers.cpp","37","Bind_SystemTimers","ExplicitBindings","EngineServices","4.6","16e5d748ff00e37fc0f7a67d54bcc4362631f81366345bf586120c1c16177a26","present","False"
"Plugins/Angelscript/Source/AngelscriptRuntime/Binds/Bind_UAssetManager_Functions.cpp","","","","EngineServices","4.6","8f2a9f6dad18034340eec4f957f56a61c6e7e5f75cb7d93ff13ca7371d0b076e","companion_no_output","False"
"Plugins/Angelscript/Source/AngelscriptRuntime/Binds/Bind_UAssetManager.cpp","62","Bind_UAssetManager_ToStringContributions","TypeInfrastructure","EngineServices","4.6","fcb0f8e75de11d6a959d64c51bb1e9b8edd281b93237712be40ac9cd01365b0a","present","False"
"Plugins/Angelscript/Source/AngelscriptRuntime/Binds/Bind_UAssetManager.cpp","71","Bind_UAssetManager","ExplicitBindings","EngineServices","4.6","fcb0f8e75de11d6a959d64c51bb1e9b8edd281b93237712be40ac9cd01365b0a","present","False"
"Plugins/Angelscript/Source/AngelscriptRuntime/Binds/Bind_UDataTable_Functions.cpp","","","","EngineServices","4.6","f9c4212a7019a926af5e205c5a0d2732d506d91c9c2809f8573d0d1a5c53e40f","companion_no_output","False"
"Plugins/Angelscript/Source/AngelscriptRuntime/Binds/Bind_UDataTable.cpp","56","Bind_UDataTable","ExplicitBindings","EngineServices","4.6","0ebfd7f1da46ebed861eb6f371d73df5c25d4975c4fe839c5a37aeb2903ada46","present","False"
"Plugins/Angelscript/Source/AngelscriptRuntime/Core/AngelscriptBinds.cpp","752","Bind_DirectBindArchitectureProbe","Finalization","EngineServices","4.6","3bb718bd815e84a278e8e257db3770473c03c858992917b74fe4c2f2ce3ffe34","present","False"
"Plugins/Angelscript/Source/AngelscriptRuntime/Core/AngelscriptSkipBinds.cpp","30","Bind_Skip","ExplicitBindings","EngineServices","4.6","c54ab06146f4d5e709575e9e25f1c538738395137e34f8f99efcc86eaa755fcf","present","False"
"Plugins/Angelscript/Source/AngelscriptRuntime/Testing/AngelscriptTest.cpp","388","Bind_AngelscriptTest","ExplicitBindings","EngineServices","4.6","fb330705ab4ce2417bea9e0efe5328e2f24188dbff5386e96f1ebf389fcbe3da","present","False"
"Plugins/Angelscript/Source/AngelscriptRuntime/Testing/AngelscriptTestSuite.cpp","175","Bind_AngelscriptScriptTestSuite","ExplicitBindings","EngineServices","4.6","a6e6fe8deff9c325ce84939930f297d64d07354f008f4bd662c68f6e7421b558","present","False"
"Plugins/Angelscript/Source/AngelscriptRuntime/Binds/Bind_FAnchors.cpp","38","Bind_FAnchors","ExplicitBindings","Math","4.2","e640e7419e4452886f3650a6690bc3389bca7de24b148578846b7aa18e3bc82d","present","False"
"Plugins/Angelscript/Source/AngelscriptRuntime/Binds/Bind_FBox_Type.cpp","","","","Math","4.2","06db06000961842a07ab25be76904061e8d0820d71f115baac2ec211d06836e5","companion_no_output","False"
"Plugins/Angelscript/Source/AngelscriptRuntime/Binds/Bind_FBox.cpp","86","Bind_FBox_Type","TypeDeclarations","Math","4.2","f8b606391e0c88267c0fff097780ad80ff0776e3fcf0d3927724f7c72fc44bf9","present","False"
"Plugins/Angelscript/Source/AngelscriptRuntime/Binds/Bind_FBox.cpp","98","Bind_FBox_ToStringContribution","TypeInfrastructure","Math","4.2","f8b606391e0c88267c0fff097780ad80ff0776e3fcf0d3927724f7c72fc44bf9","present","False"
"Plugins/Angelscript/Source/AngelscriptRuntime/Binds/Bind_FBox.cpp","106","Bind_FBox","ExplicitBindings","Math","4.2","f8b606391e0c88267c0fff097780ad80ff0776e3fcf0d3927724f7c72fc44bf9","present","False"
"Plugins/Angelscript/Source/AngelscriptRuntime/Binds/Bind_FBox2D.cpp","25","Bind_FBox2D","ExplicitBindings","Math","4.2","e2662f815c637aa7f6cccc6e87b18ce46b6bf898eb765119af4176db8d5cbf10","present","False"
"Plugins/Angelscript/Source/AngelscriptRuntime/Binds/Bind_FBox3f_Type.cpp","","","","Math","4.2","b4de70a98ebf5f6db2fea395f84dd864c6bf2f4585faebc9cc854eb601cb7cfa","companion_no_output","False"
"Plugins/Angelscript/Source/AngelscriptRuntime/Binds/Bind_FBox3f.cpp","68","Bind_FBox3f_Type","TypeDeclarations","Math","4.2","8949b282bd3760825c7f45570105ab1d7be72a736d9fba21c2c8735a82bf6d8b","present","False"
"Plugins/Angelscript/Source/AngelscriptRuntime/Binds/Bind_FBox3f.cpp","80","Bind_FBox3f_ToStringContribution","TypeInfrastructure","Math","4.2","8949b282bd3760825c7f45570105ab1d7be72a736d9fba21c2c8735a82bf6d8b","present","False"
"Plugins/Angelscript/Source/AngelscriptRuntime/Binds/Bind_FBox3f.cpp","88","Bind_FBox3f","ExplicitBindings","Math","4.2","8949b282bd3760825c7f45570105ab1d7be72a736d9fba21c2c8735a82bf6d8b","present","False"
"Plugins/Angelscript/Source/AngelscriptRuntime/Binds/Bind_FBoxSphereBounds_Type.cpp","","","","Math","4.2","b2af98db7816df799e3adf970d93ab5c051052282b3a82b1087e3897cf4f28c2","companion_no_output","False"
"Plugins/Angelscript/Source/AngelscriptRuntime/Binds/Bind_FBoxSphereBounds.cpp","62","Bind_FBoxSphereBounds_Type","TypeDeclarations","Math","4.2","302f85d14c38b9c3821c64915b35507e4149747308b9f7c753c1819e16387b49","present","False"
"Plugins/Angelscript/Source/AngelscriptRuntime/Binds/Bind_FBoxSphereBounds.cpp","74","Bind_FBoxSphereBounds_ToStringContribution","TypeInfrastructure","Math","4.2","302f85d14c38b9c3821c64915b35507e4149747308b9f7c753c1819e16387b49","present","False"
"Plugins/Angelscript/Source/AngelscriptRuntime/Binds/Bind_FBoxSphereBounds.cpp","82","Bind_FBoxSphereBounds","ExplicitBindings","Math","4.2","302f85d14c38b9c3821c64915b35507e4149747308b9f7c753c1819e16387b49","present","False"
"Plugins/Angelscript/Source/AngelscriptRuntime/Binds/Bind_FBoxSphereBounds3f_Type.cpp","","","","Math","4.2","9762431356f9709a7cb3a754719af77d78c7bf12aeebc8c275984671a5e3caf8","companion_no_output","False"
"Plugins/Angelscript/Source/AngelscriptRuntime/Binds/Bind_FBoxSphereBounds3f.cpp","69","Bind_FBoxSphereBounds3f_Type","TypeDeclarations","Math","4.2","73506759bb887171d81851c5836e0d36dd3c4dd52d1d62397e92b17b54c26fd9","present","False"
"Plugins/Angelscript/Source/AngelscriptRuntime/Binds/Bind_FBoxSphereBounds3f.cpp","81","Bind_FBoxSphereBounds3f_ToStringContribution","TypeInfrastructure","Math","4.2","73506759bb887171d81851c5836e0d36dd3c4dd52d1d62397e92b17b54c26fd9","present","False"
"Plugins/Angelscript/Source/AngelscriptRuntime/Binds/Bind_FBoxSphereBounds3f.cpp","89","Bind_FBoxSphereBounds3f","ExplicitBindings","Math","4.2","73506759bb887171d81851c5836e0d36dd3c4dd52d1d62397e92b17b54c26fd9","present","False"
"Plugins/Angelscript/Source/AngelscriptRuntime/Binds/Bind_FColor.cpp","86","Bind_FColor","ExplicitBindings","Math","4.2","ad3052012a60a26f568f0bb7865d2f1ea415c1a357b7e12cdb84340359360a68","present","False"
"Plugins/Angelscript/Source/AngelscriptRuntime/Binds/Bind_FColor.cpp","148","Bind_FColor_ToStringContribution","TypeInfrastructure","Math","4.2","ad3052012a60a26f568f0bb7865d2f1ea415c1a357b7e12cdb84340359360a68","present","False"
"Plugins/Angelscript/Source/AngelscriptRuntime/Binds/Bind_FGeometry.cpp","34","Bind_FGeometry","ExplicitBindings","Math","4.2","c6397d509411a9d9b402e2fbbf1dac2d22e5fa21a9f34789672ea2a802bc5158","present","False"
"Plugins/Angelscript/Source/AngelscriptRuntime/Binds/Bind_FIntPoint_Type.cpp","","","","Math","4.2","e44ae9c06244ebb4c461678c6f3f2675e584cc6537bef1a4d4635bce78cf3214","companion_no_output","False"
"Plugins/Angelscript/Source/AngelscriptRuntime/Binds/Bind_FIntPoint.cpp","60","Bind_FIntPoint_Type","TypeDeclarations","Math","4.2","d36266a57faac76b6804f360f861132180b0f8f0d1a1f4651020927f6e2154b3","present","False"
"Plugins/Angelscript/Source/AngelscriptRuntime/Binds/Bind_FIntPoint.cpp","71","Bind_FIntPoint","ExplicitBindings","Math","4.2","d36266a57faac76b6804f360f861132180b0f8f0d1a1f4651020927f6e2154b3","present","False"
"Plugins/Angelscript/Source/AngelscriptRuntime/Binds/Bind_FIntPoint.cpp","117","Bind_FIntPoint_ToStringContribution","TypeInfrastructure","Math","4.2","d36266a57faac76b6804f360f861132180b0f8f0d1a1f4651020927f6e2154b3","present","False"
"Plugins/Angelscript/Source/AngelscriptRuntime/Binds/Bind_FIntVector_Functions.cpp","","","","Math","4.2","a8fa1db9618c9a971de589329315d05a7bb9de8fbb32e588db35c532a03ba13d","companion_no_output","False"
"Plugins/Angelscript/Source/AngelscriptRuntime/Binds/Bind_FIntVector_Type.cpp","","","","Math","4.2","573320d072c438c17942f427a56124ad0b49f9f89ac7b864c8f22e45e4583403","companion_no_output","False"
"Plugins/Angelscript/Source/AngelscriptRuntime/Binds/Bind_FIntVector.cpp","71","Bind_FIntVector_Type","TypeDeclarations","Math","4.2","2bf527bc7532af5ca76fe5285d742adffebfe1ad131e0cc9edd4a804ce82c45b","present","False"
"Plugins/Angelscript/Source/AngelscriptRuntime/Binds/Bind_FIntVector.cpp","82","Bind_FIntVector_ToStringContribution","TypeInfrastructure","Math","4.2","2bf527bc7532af5ca76fe5285d742adffebfe1ad131e0cc9edd4a804ce82c45b","present","False"
"Plugins/Angelscript/Source/AngelscriptRuntime/Binds/Bind_FIntVector.cpp","90","Bind_FIntVector","ExplicitBindings","Math","4.2","2bf527bc7532af5ca76fe5285d742adffebfe1ad131e0cc9edd4a804ce82c45b","present","False"
"Plugins/Angelscript/Source/AngelscriptRuntime/Binds/Bind_FIntVector2_Functions.cpp","","","","Math","4.2","a18e9500c64075ff543800c4698035db6f18ee368525eba704dc79e242102e04","companion_no_output","False"
"Plugins/Angelscript/Source/AngelscriptRuntime/Binds/Bind_FIntVector2_Type.cpp","","","","Math","4.2","973a20b207e29b6f081ff67d995cbd1290c04780aabc32b71fc5978416816761","companion_no_output","False"
"Plugins/Angelscript/Source/AngelscriptRuntime/Binds/Bind_FIntVector2.cpp","36","Bind_FIntVector2_Type","TypeDeclarations","Math","4.2","beeb31518a3f399fbac09964d1de67569a361cc06824309389358fd049bab7e8","present","False"
"Plugins/Angelscript/Source/AngelscriptRuntime/Binds/Bind_FIntVector2.cpp","47","Bind_FIntVector2_ToStringContribution","TypeInfrastructure","Math","4.2","beeb31518a3f399fbac09964d1de67569a361cc06824309389358fd049bab7e8","present","False"
"Plugins/Angelscript/Source/AngelscriptRuntime/Binds/Bind_FIntVector2.cpp","55","Bind_FIntVector2","ExplicitBindings","Math","4.2","beeb31518a3f399fbac09964d1de67569a361cc06824309389358fd049bab7e8","present","False"
"Plugins/Angelscript/Source/AngelscriptRuntime/Binds/Bind_FIntVector4_Functions.cpp","","","","Math","4.2","7e48b2bdfbf798f701c48b3830784fcabff2212ef0fc0f57225f9f62c61ab3a4","companion_no_output","False"
"Plugins/Angelscript/Source/AngelscriptRuntime/Binds/Bind_FIntVector4_Type.cpp","","","","Math","4.2","03437c3d417251e3dc3c299188e02f5cb0fb3ad04de60f7381159d730e07a46e","companion_no_output","False"
"Plugins/Angelscript/Source/AngelscriptRuntime/Binds/Bind_FIntVector4.cpp","60","Bind_FIntVector4_Type","TypeDeclarations","Math","4.2","e6b1ac93d28965008a542ccc56178cb21a61c3db1d0960b76024415ea6007ea0","present","False"
"Plugins/Angelscript/Source/AngelscriptRuntime/Binds/Bind_FIntVector4.cpp","71","Bind_FIntVector4_ToStringContribution","TypeInfrastructure","Math","4.2","e6b1ac93d28965008a542ccc56178cb21a61c3db1d0960b76024415ea6007ea0","present","False"
"Plugins/Angelscript/Source/AngelscriptRuntime/Binds/Bind_FIntVector4.cpp","79","Bind_FIntVector4","ExplicitBindings","Math","4.2","e6b1ac93d28965008a542ccc56178cb21a61c3db1d0960b76024415ea6007ea0","present","False"
"Plugins/Angelscript/Source/AngelscriptRuntime/Binds/Bind_FLinearColor_Type.cpp","","","","Math","4.2","050fb837d8c4405e1eab6081b5612966687b404729d45e53493259e1ac0c2ff3","companion_no_output","False"
"Plugins/Angelscript/Source/AngelscriptRuntime/Binds/Bind_FLinearColor.cpp","133","Bind_FLinearColor_Type","TypeDeclarations","Math","4.2","94ce9302dcc2237f687bbc12d1dd244bb17afd6365eb68ea140c8a6dfd4ea64b","present","False"
"Plugins/Angelscript/Source/AngelscriptRuntime/Binds/Bind_FLinearColor.cpp","143","Bind_FLinearColor_Infrastructure","TypeInfrastructure","Math","4.2","94ce9302dcc2237f687bbc12d1dd244bb17afd6365eb68ea140c8a6dfd4ea64b","present","False"
"Plugins/Angelscript/Source/AngelscriptRuntime/Binds/Bind_FLinearColor.cpp","152","Bind_FLinearColor","ExplicitBindings","Math","4.2","94ce9302dcc2237f687bbc12d1dd244bb17afd6365eb68ea140c8a6dfd4ea64b","present","False"
"Plugins/Angelscript/Source/AngelscriptRuntime/Binds/Bind_FMargin.cpp","52","Bind_FMargin","ExplicitBindings","Math","4.2","ea86060130c8b8006717b86709f0f92a760091f2abd91680d08bdf35d1fc7718","present","False"
"Plugins/Angelscript/Source/AngelscriptRuntime/Binds/Bind_FMath_Functions.cpp","","","","Math","4.2","dd30308bdde5bc32ff145e5b55da5ba69782eb7f6cf642d7f7a6630b205e2d98","companion_no_output","False"
"Plugins/Angelscript/Source/AngelscriptRuntime/Binds/Bind_FMath.cpp","769","Bind_FMath","ExplicitBindings","Math","4.2","942b324812e31f67fb92b75e3665c62612bd1518cf48fae947101034bae26b8e","present","False"
"Plugins/Angelscript/Source/AngelscriptRuntime/Binds/Bind_FMatrix.cpp","32","Bind_FMatrix","ExplicitBindings","Math","4.2","583c34cc5b0b85962850893ae8e1242b1b6857a4e5ba29a514aed697f970794d","present","False"
"Plugins/Angelscript/Source/AngelscriptRuntime/Binds/Bind_FPlane.cpp","42","Bind_FPlane","ExplicitBindings","Math","4.2","5bc286723f82b24baeed8ef02d73e448ad757e24eef0da809956736d53f875d3","present","False"
"Plugins/Angelscript/Source/AngelscriptRuntime/Binds/Bind_FPlane4f.cpp","32","Bind_FPlane4f","ExplicitBindings","Math","4.2","e08b16173fe6eea72dd896f6f66907962913d041f8612053414c0636cacf146e","present","False"
"Plugins/Angelscript/Source/AngelscriptRuntime/Binds/Bind_FQuat_Functions.cpp","","","","Math","4.2","c65c97e4e92d166bb03ae0aed2602ba0e7ac3d1a4ccef4abc8f56fa828e81e0e","companion_no_output","False"
"Plugins/Angelscript/Source/AngelscriptRuntime/Binds/Bind_FQuat_Type.cpp","","","","Math","4.2","a6e82fbd80e4956b8fe7c7280ff10919f4038c904587d42c1ea42543d5ea76c0","companion_no_output","False"
"Plugins/Angelscript/Source/AngelscriptRuntime/Binds/Bind_FQuat.cpp","184","Bind_FQuat_Type","TypeDeclarations","Math","4.2","82ffca766618e1d888ad1e2534e1207c8f851e80a069e64b4379a3ccd4ca7595","present","False"
"Plugins/Angelscript/Source/AngelscriptRuntime/Binds/Bind_FQuat.cpp","194","Bind_FQuat_Infrastructure","TypeInfrastructure","Math","4.2","82ffca766618e1d888ad1e2534e1207c8f851e80a069e64b4379a3ccd4ca7595","present","False"
"Plugins/Angelscript/Source/AngelscriptRuntime/Binds/Bind_FQuat.cpp","202","Bind_FQuat","ExplicitBindings","Math","4.2","82ffca766618e1d888ad1e2534e1207c8f851e80a069e64b4379a3ccd4ca7595","present","False"
"Plugins/Angelscript/Source/AngelscriptRuntime/Binds/Bind_FQuat4f_Functions.cpp","","","","Math","4.2","36b4ca84bff5d562e625d4ffdb556c912ba25f842c3d022b09200080afc3805a","companion_no_output","False"
"Plugins/Angelscript/Source/AngelscriptRuntime/Binds/Bind_FQuat4f_Type.cpp","","","","Math","4.2","033db0c32446d8fc8c5a8cea04cafd4b8d948bcecc11442048ca49b55207c526","companion_no_output","False"
"Plugins/Angelscript/Source/AngelscriptRuntime/Binds/Bind_FQuat4f.cpp","184","Bind_FQuat4f_Type","TypeDeclarations","Math","4.2","70de7cf6335b5947fbfeb4e60e4be4b8c293b0d002ec0dea76b2ac817bcf0841","present","False"
"Plugins/Angelscript/Source/AngelscriptRuntime/Binds/Bind_FQuat4f.cpp","194","Bind_FQuat4f_Infrastructure","TypeInfrastructure","Math","4.2","70de7cf6335b5947fbfeb4e60e4be4b8c293b0d002ec0dea76b2ac817bcf0841","present","False"
"Plugins/Angelscript/Source/AngelscriptRuntime/Binds/Bind_FQuat4f.cpp","202","Bind_FQuat4f","ExplicitBindings","Math","4.2","70de7cf6335b5947fbfeb4e60e4be4b8c293b0d002ec0dea76b2ac817bcf0841","present","False"
"Plugins/Angelscript/Source/AngelscriptRuntime/Binds/Bind_FRandomStream_Type.cpp","","","","Math","4.2","6a401c9fc9c5748e72cc888c24e6480bfd02ee3ebe15e8daae49ee7003b45e89","companion_no_output","False"
"Plugins/Angelscript/Source/AngelscriptRuntime/Binds/Bind_FRandomStream.cpp","63","Bind_FRandomStream_Type","TypeDeclarations","Math","4.2","a114b45778b3e1dfbefac9050abfcf1537cba9151815c15dddd1901bfc6160f0","present","False"
"Plugins/Angelscript/Source/AngelscriptRuntime/Binds/Bind_FRandomStream.cpp","74","Bind_FRandomStream","ExplicitBindings","Math","4.2","a114b45778b3e1dfbefac9050abfcf1537cba9151815c15dddd1901bfc6160f0","present","False"
"Plugins/Angelscript/Source/AngelscriptRuntime/Binds/Bind_FRandomStream.cpp","100","Bind_FRandomStream_ToStringContribution","TypeInfrastructure","Math","4.2","a114b45778b3e1dfbefac9050abfcf1537cba9151815c15dddd1901bfc6160f0","present","False"
"Plugins/Angelscript/Source/AngelscriptRuntime/Binds/Bind_FRange.cpp","147","Bind_FRange","PostReflectionBindings","Math","4.2","b7935ce79dfc65bcb8faf003b584573237a8732cb3d74e3dd804ed9e940f1d88","present","False"
"Plugins/Angelscript/Source/AngelscriptRuntime/Binds/Bind_FRotator_Functions.cpp","","","","Math","4.2","11357b9cde92220e610abceaace259b570c0ca87a8a2ee044f9286f9862804b8","companion_no_output","False"
"Plugins/Angelscript/Source/AngelscriptRuntime/Binds/Bind_FRotator_Type.cpp","","","","Math","4.2","2798988e9088f00c6356e7cd69a7b7cc2afcfe4a3ee2419f63c145d983a0a5c7","companion_no_output","False"
"Plugins/Angelscript/Source/AngelscriptRuntime/Binds/Bind_FRotator.cpp","132","Bind_FRotator_Type","TypeDeclarations","Math","4.2","11b181af2fac9b5215343b4c7ce3220ecddc27b4cb24ec22b67aec26d14cfd74","present","False"
"Plugins/Angelscript/Source/AngelscriptRuntime/Binds/Bind_FRotator.cpp","142","Bind_FRotator_Infrastructure","TypeInfrastructure","Math","4.2","11b181af2fac9b5215343b4c7ce3220ecddc27b4cb24ec22b67aec26d14cfd74","present","False"
"Plugins/Angelscript/Source/AngelscriptRuntime/Binds/Bind_FRotator.cpp","150","Bind_FRotator","ExplicitBindings","Math","4.2","11b181af2fac9b5215343b4c7ce3220ecddc27b4cb24ec22b67aec26d14cfd74","present","False"
"Plugins/Angelscript/Source/AngelscriptRuntime/Binds/Bind_FRotator3f_Functions.cpp","","","","Math","4.2","d7bbd7cecdb18aa229421d08f1c58cf0202af047560838f7af4b3aa2d57521a3","companion_no_output","False"
"Plugins/Angelscript/Source/AngelscriptRuntime/Binds/Bind_FRotator3f_Type.cpp","","","","Math","4.2","5ed06002e501142ef7214f0e0af7de2b30f809b50f3e20a759be0abef072b1f1","companion_no_output","False"
"Plugins/Angelscript/Source/AngelscriptRuntime/Binds/Bind_FRotator3f.cpp","103","Bind_FRotator3f_Type","TypeDeclarations","Math","4.2","4935b710d1d478fc6f4bf35dba86e93b7eef8893f25706d230a366e3511f2890","present","False"
"Plugins/Angelscript/Source/AngelscriptRuntime/Binds/Bind_FRotator3f.cpp","113","Bind_FRotator3f_Infrastructure","TypeInfrastructure","Math","4.2","4935b710d1d478fc6f4bf35dba86e93b7eef8893f25706d230a366e3511f2890","present","False"
"Plugins/Angelscript/Source/AngelscriptRuntime/Binds/Bind_FRotator3f.cpp","121","Bind_FRotator3f","ExplicitBindings","Math","4.2","4935b710d1d478fc6f4bf35dba86e93b7eef8893f25706d230a366e3511f2890","present","False"
"Plugins/Angelscript/Source/AngelscriptRuntime/Binds/Bind_FSphere_Type.cpp","","","","Math","4.2","f5aafae24d79d5cf517380d52901ed6258839ad9ff6369934275ebaad49365f1","companion_no_output","False"
"Plugins/Angelscript/Source/AngelscriptRuntime/Binds/Bind_FSphere.cpp","47","Bind_FSphere_Type","TypeDeclarations","Math","4.2","b6951a03cf5f14bf97efa3f2a85033ef8ecb4f4e683acd1b84b9972c6d3bfd2d","present","False"
"Plugins/Angelscript/Source/AngelscriptRuntime/Binds/Bind_FSphere.cpp","59","Bind_FSphere","ExplicitBindings","Math","4.2","b6951a03cf5f14bf97efa3f2a85033ef8ecb4f4e683acd1b84b9972c6d3bfd2d","present","False"
"Plugins/Angelscript/Source/AngelscriptRuntime/Binds/Bind_FSphere3f_Type.cpp","","","","Math","4.2","2aae8a39cb264baf35d62acd3d919c2025077cecf5d44db3ff260031a1cf3fff","companion_no_output","False"
"Plugins/Angelscript/Source/AngelscriptRuntime/Binds/Bind_FSphere3f.cpp","44","Bind_FSphere3f_Type","TypeDeclarations","Math","4.2","10e188cfd68239825b701d46afbddd9bf21343381091c6aa6f97120263ba69b8","present","False"
"Plugins/Angelscript/Source/AngelscriptRuntime/Binds/Bind_FSphere3f.cpp","56","Bind_FSphere3f","ExplicitBindings","Math","4.2","10e188cfd68239825b701d46afbddd9bf21343381091c6aa6f97120263ba69b8","present","False"
"Plugins/Angelscript/Source/AngelscriptRuntime/Binds/Bind_FTransform_Functions.cpp","","","","Math","4.2","a7f287937034a7f499b7d0d974c1b805b3522e2a60626453ae29b15e825b9570","companion_no_output","False"
"Plugins/Angelscript/Source/AngelscriptRuntime/Binds/Bind_FTransform_Type.cpp","","","","Math","4.2","c61318af57c93db16a4218585732e3d35c9f54c7058d2e9f2c8e1b39660d0c61","companion_no_output","False"
"Plugins/Angelscript/Source/AngelscriptRuntime/Binds/Bind_FTransform.cpp","153","Bind_FTransform_Type","TypeDeclarations","Math","4.2","a2eb72695c3be3e26e8a17ac17fb9be2a1658142f535b26276f3bdc0e08ad478","present","False"
"Plugins/Angelscript/Source/AngelscriptRuntime/Binds/Bind_FTransform.cpp","164","Bind_FTransform_Infrastructure","TypeInfrastructure","Math","4.2","a2eb72695c3be3e26e8a17ac17fb9be2a1658142f535b26276f3bdc0e08ad478","present","False"
"Plugins/Angelscript/Source/AngelscriptRuntime/Binds/Bind_FTransform.cpp","173","Bind_FTransform","ExplicitBindings","Math","4.2","a2eb72695c3be3e26e8a17ac17fb9be2a1658142f535b26276f3bdc0e08ad478","present","False"
"Plugins/Angelscript/Source/AngelscriptRuntime/Binds/Bind_FTransform3f_Functions.cpp","","","","Math","4.2","745d92632ceaa21338ebeb6f908ffb70b2d66f466f61751d14a974a54f4b4ab8","companion_no_output","False"
"Plugins/Angelscript/Source/AngelscriptRuntime/Binds/Bind_FTransform3f_Type.cpp","","","","Math","4.2","d5a50535555d0d882d56ac5e4763d20115c653a1c7ba0422befad62ba7d7d5e2","companion_no_output","False"
"Plugins/Angelscript/Source/AngelscriptRuntime/Binds/Bind_FTransform3f.cpp","159","Bind_FTransform3f_Type","TypeDeclarations","Math","4.2","c655a52005840a92dbc325133838387ce93983863134d4b72420e2e8f158d668","present","False"
"Plugins/Angelscript/Source/AngelscriptRuntime/Binds/Bind_FTransform3f.cpp","170","Bind_FTransform3f_Infrastructure","TypeInfrastructure","Math","4.2","c655a52005840a92dbc325133838387ce93983863134d4b72420e2e8f158d668","present","False"
"Plugins/Angelscript/Source/AngelscriptRuntime/Binds/Bind_FTransform3f.cpp","179","Bind_FTransform3f","ExplicitBindings","Math","4.2","c655a52005840a92dbc325133838387ce93983863134d4b72420e2e8f158d668","present","False"
"Plugins/Angelscript/Source/AngelscriptRuntime/Binds/Bind_FVector_Functions.cpp","","","","Math","4.2","cea4fad934347c1409f4b6fd5e1a1b1009f88e6dc4f43dce60a9f50bc6229a0f","companion_no_output","False"
"Plugins/Angelscript/Source/AngelscriptRuntime/Binds/Bind_FVector_Type.cpp","","","","Math","4.2","8122827f2a3656e8574825a0068c95ed9f79246d882904fed4a2a9d98d0c0094","companion_no_output","False"
"Plugins/Angelscript/Source/AngelscriptRuntime/Binds/Bind_FVector.cpp","239","Bind_FVector_TypeDeclarations","TypeDeclarations","Math","4.2","539dee935680f6788985651417f9776b81dce8a4abae7655dfce0702761fa41b","present","False"
"Plugins/Angelscript/Source/AngelscriptRuntime/Binds/Bind_FVector.cpp","250","Bind_FVector_TypeInfrastructure","TypeInfrastructure","Math","4.2","539dee935680f6788985651417f9776b81dce8a4abae7655dfce0702761fa41b","present","False"
"Plugins/Angelscript/Source/AngelscriptRuntime/Binds/Bind_FVector.cpp","276","Bind_FVector","ExplicitBindings","Math","4.2","539dee935680f6788985651417f9776b81dce8a4abae7655dfce0702761fa41b","present","False"
"Plugins/Angelscript/Source/AngelscriptRuntime/Binds/Bind_FVector.cpp","478","Bind_FVector_ToStringContribution","TypeInfrastructure","Math","4.2","539dee935680f6788985651417f9776b81dce8a4abae7655dfce0702761fa41b","present","False"
"Plugins/Angelscript/Source/AngelscriptRuntime/Binds/Bind_FVector2D_Functions.cpp","","","","Math","4.2","cfed3cd3baf42ccd377b97cbef4967228c0da31c7abfbdacd7a59d31b9f2360b","companion_no_output","False"
"Plugins/Angelscript/Source/AngelscriptRuntime/Binds/Bind_FVector2D_Type.cpp","","","","Math","4.2","fd10b763c008111dbf73219f782902e5b2815d1348efeff1cbd14aba3b8ff789","companion_no_output","False"
"Plugins/Angelscript/Source/AngelscriptRuntime/Binds/Bind_FVector2D.cpp","121","Bind_FVector2D_Type","TypeDeclarations","Math","4.2","37827e57a1a237211855309fcf15fedf1645bc7e8023581ac1109650e1b3fbd3","present","False"
"Plugins/Angelscript/Source/AngelscriptRuntime/Binds/Bind_FVector2D.cpp","132","Bind_FVector2D_Infrastructure","TypeInfrastructure","Math","4.2","37827e57a1a237211855309fcf15fedf1645bc7e8023581ac1109650e1b3fbd3","present","False"
"Plugins/Angelscript/Source/AngelscriptRuntime/Binds/Bind_FVector2D.cpp","141","Bind_FVector2D","ExplicitBindings","Math","4.2","37827e57a1a237211855309fcf15fedf1645bc7e8023581ac1109650e1b3fbd3","present","False"
"Plugins/Angelscript/Source/AngelscriptRuntime/Binds/Bind_FVector2f_Functions.cpp","","","","Math","4.2","cb0acfb7889e4575d3189ffd53e7c29fb857b27b221d02a7b1976eef4cd6d09a","companion_no_output","False"
"Plugins/Angelscript/Source/AngelscriptRuntime/Binds/Bind_FVector2f_Type.cpp","","","","Math","4.2","c96340877dd25951b93d482734fae69740455dd9fc7ac4f0b3e575a5f3227505","companion_no_output","False"
"Plugins/Angelscript/Source/AngelscriptRuntime/Binds/Bind_FVector2f.cpp","127","Bind_FVector2f_Type","TypeDeclarations","Math","4.2","b379e34000a08451bb86eef4af2f464bc9e78724434a9369e10758585f17a957","present","False"
"Plugins/Angelscript/Source/AngelscriptRuntime/Binds/Bind_FVector2f.cpp","138","Bind_FVector2f_Infrastructure","TypeInfrastructure","Math","4.2","b379e34000a08451bb86eef4af2f464bc9e78724434a9369e10758585f17a957","present","False"
"Plugins/Angelscript/Source/AngelscriptRuntime/Binds/Bind_FVector2f.cpp","165","Bind_FVector2f","ExplicitBindings","Math","4.2","b379e34000a08451bb86eef4af2f464bc9e78724434a9369e10758585f17a957","present","False"
"Plugins/Angelscript/Source/AngelscriptRuntime/Binds/Bind_FVector3f_Functions.cpp","","","","Math","4.2","e3622e067d9067f0681d960e5fae281e8993b88cfb7629020b9744c328e2ff81","companion_no_output","False"
"Plugins/Angelscript/Source/AngelscriptRuntime/Binds/Bind_FVector3f_Type.cpp","","","","Math","4.2","37589b322d9ae56aeebbd5ff144a89899d91b80222f7a51ea696cec2c9fffcda","companion_no_output","False"
"Plugins/Angelscript/Source/AngelscriptRuntime/Binds/Bind_FVector3f.cpp","220","Bind_FVector3f_TypeDeclarations","TypeDeclarations","Math","4.2","24b0dbfef30dc66b7b12eecf1bb1c0c344a6cf6c6995fc219f673b140ac12d02","present","False"
"Plugins/Angelscript/Source/AngelscriptRuntime/Binds/Bind_FVector3f.cpp","231","Bind_FVector3f_TypeInfrastructure","TypeInfrastructure","Math","4.2","24b0dbfef30dc66b7b12eecf1bb1c0c344a6cf6c6995fc219f673b140ac12d02","present","False"
"Plugins/Angelscript/Source/AngelscriptRuntime/Binds/Bind_FVector3f.cpp","241","Bind_FVector3f","ExplicitBindings","Math","4.2","24b0dbfef30dc66b7b12eecf1bb1c0c344a6cf6c6995fc219f673b140ac12d02","present","False"
"Plugins/Angelscript/Source/AngelscriptRuntime/Binds/Bind_FVector4.cpp","54","Bind_FVector4_Type","TypeDeclarations","Math","4.2","0573b10cb10879568576c3311f9121863795d7a5b5c3f03ca4fa0338bed8962a","present","False"
"Plugins/Angelscript/Source/AngelscriptRuntime/Binds/Bind_FVector4.cpp","65","Bind_FVector4_Infrastructure","TypeInfrastructure","Math","4.2","0573b10cb10879568576c3311f9121863795d7a5b5c3f03ca4fa0338bed8962a","present","False"
"Plugins/Angelscript/Source/AngelscriptRuntime/Binds/Bind_FVector4.cpp","74","Bind_FVector4","ExplicitBindings","Math","4.2","0573b10cb10879568576c3311f9121863795d7a5b5c3f03ca4fa0338bed8962a","present","False"
"Plugins/Angelscript/Source/AngelscriptRuntime/Binds/Bind_FVector4f.cpp","59","Bind_FVector4f_Type","TypeDeclarations","Math","4.2","e802143a00a7c69607373becd020b82b5791664c185fdcfef309436e84343cbb","present","False"
"Plugins/Angelscript/Source/AngelscriptRuntime/Binds/Bind_FVector4f.cpp","70","Bind_FVector4f_Infrastructure","TypeInfrastructure","Math","4.2","e802143a00a7c69607373becd020b82b5791664c185fdcfef309436e84343cbb","present","False"
"Plugins/Angelscript/Source/AngelscriptRuntime/Binds/Bind_FVector4f.cpp","79","Bind_FVector4f","ExplicitBindings","Math","4.2","e802143a00a7c69607373becd020b82b5791664c185fdcfef309436e84343cbb","present","False"
"Plugins/Angelscript/Source/AngelscriptRuntime/Binds/Bind_BlueprintCallable.cpp","","","","ObjectsReflection","4.4","3a25c7c2cbb0709d9782236cc446e1f48f2f97f16e0586a08686f89124019203","companion_no_output","False"
"Plugins/Angelscript/Source/AngelscriptRuntime/Binds/Bind_BlueprintEvent.cpp","586","Bind_BlueprintEvents","ExplicitBindings","ObjectsReflection","4.4","fa5128d012ca08e670926f1ecbbd8c0e9ee2f797400c1c23d38c1ee0efb333ca","present","False"
"Plugins/Angelscript/Source/AngelscriptRuntime/Binds/Bind_BlueprintType.cpp","1068","Bind_BlueprintType_ReflectionBindings","ReflectionBindings","ObjectsReflection","4.4","23bbccc9f83dcbce7e6e127969f2ebda50f9d4760c29511b2d6dc4d4f7153cb5","present","False"
"Plugins/Angelscript/Source/AngelscriptRuntime/Binds/Bind_BlueprintType.cpp","1491","Bind_BlueprintType_ReflectionBindings","ReflectionBindings","ObjectsReflection","4.4","23bbccc9f83dcbce7e6e127969f2ebda50f9d4760c29511b2d6dc4d4f7153cb5","present","False"
"Plugins/Angelscript/Source/AngelscriptRuntime/Binds/Bind_BlueprintType.cpp","2659","Bind_BlueprintType_ReferenceClassDeclarations","TypeDeclarations","ObjectsReflection","4.4","23bbccc9f83dcbce7e6e127969f2ebda50f9d4760c29511b2d6dc4d4f7153cb5","present","False"
"Plugins/Angelscript/Source/AngelscriptRuntime/Binds/Bind_BlueprintType.cpp","2697","Bind_BlueprintType_StaticClasses","ExplicitBindings","ObjectsReflection","4.4","23bbccc9f83dcbce7e6e127969f2ebda50f9d4760c29511b2d6dc4d4f7153cb5","present","False"
"Plugins/Angelscript/Source/AngelscriptRuntime/Binds/Bind_BlueprintType.cpp","2739","Bind_BlueprintType_ReferenceClassDeclarations","TypeDeclarations","ObjectsReflection","4.4","23bbccc9f83dcbce7e6e127969f2ebda50f9d4760c29511b2d6dc4d4f7153cb5","present","False"
"Plugins/Angelscript/Source/AngelscriptRuntime/Binds/Bind_BlueprintType.cpp","2769","Bind_BlueprintType_StaticClasses","ExplicitBindings","ObjectsReflection","4.4","23bbccc9f83dcbce7e6e127969f2ebda50f9d4760c29511b2d6dc4d4f7153cb5","present","False"
"Plugins/Angelscript/Source/AngelscriptRuntime/Binds/Bind_BlueprintType.cpp","2790","Bind_TObjectPtr_TypeDeclarations","TypeDeclarations","ObjectsReflection","4.4","23bbccc9f83dcbce7e6e127969f2ebda50f9d4760c29511b2d6dc4d4f7153cb5","present","False"
"Plugins/Angelscript/Source/AngelscriptRuntime/Binds/Bind_BlueprintType.cpp","2805","Bind_TSubclassOf_TypeDeclarations","TypeDeclarations","ObjectsReflection","4.4","23bbccc9f83dcbce7e6e127969f2ebda50f9d4760c29511b2d6dc4d4f7153cb5","present","False"
"Plugins/Angelscript/Source/AngelscriptRuntime/Binds/Bind_BlueprintType.cpp","2820","Bind_TWeakObjectPtr_TypeDeclarations","TypeDeclarations","ObjectsReflection","4.4","23bbccc9f83dcbce7e6e127969f2ebda50f9d4760c29511b2d6dc4d4f7153cb5","present","False"
"Plugins/Angelscript/Source/AngelscriptRuntime/Binds/Bind_BlueprintType.cpp","2835","Bind_TObjectPtr_MethodSurface","TypeInfrastructure","ObjectsReflection","4.4","23bbccc9f83dcbce7e6e127969f2ebda50f9d4760c29511b2d6dc4d4f7153cb5","present","False"
"Plugins/Angelscript/Source/AngelscriptRuntime/Binds/Bind_BlueprintType.cpp","2876","Bind_TSubclassOf_MethodSurface","TypeInfrastructure","ObjectsReflection","4.4","23bbccc9f83dcbce7e6e127969f2ebda50f9d4760c29511b2d6dc4d4f7153cb5","present","False"
"Plugins/Angelscript/Source/AngelscriptRuntime/Binds/Bind_BlueprintType.cpp","2936","Bind_TWeakObjectPtr_MethodSurface","TypeInfrastructure","ObjectsReflection","4.4","23bbccc9f83dcbce7e6e127969f2ebda50f9d4760c29511b2d6dc4d4f7153cb5","present","False"
"Plugins/Angelscript/Source/AngelscriptRuntime/Binds/Bind_BlueprintType.cpp","2991","Bind_BlueprintType_Infrastructure","TypeInfrastructure","ObjectsReflection","4.4","23bbccc9f83dcbce7e6e127969f2ebda50f9d4760c29511b2d6dc4d4f7153cb5","present","False"
"Plugins/Angelscript/Source/AngelscriptRuntime/Binds/Bind_Delegates_Type.cpp","","","","ObjectsReflection","4.4","ce9c3ecabc0b06e630a79f017dd40e7e2d35505dda8a1785790be28de7d89b39","companion_no_output","False"
"Plugins/Angelscript/Source/AngelscriptRuntime/Binds/Bind_Delegates.cpp","701","Bind_Delegate_Declarations","TypeDeclarations","ObjectsReflection","4.4","6e8b0dab1bc3c3b8f3e027e024f590df6d40c892db87611ba36db89f07203f27","present","False"
"Plugins/Angelscript/Source/AngelscriptRuntime/Binds/Bind_Delegates.cpp","790","Bind_Delegates","ExplicitBindings","ObjectsReflection","4.4","6e8b0dab1bc3c3b8f3e027e024f590df6d40c892db87611ba36db89f07203f27","present","False"
"Plugins/Angelscript/Source/AngelscriptRuntime/Binds/Bind_FAngelscriptDelegateWithPayload.cpp","50","Bind_AngelscriptDelegateWithPayload","ExplicitBindings","ObjectsReflection","4.4","3435745e59432feef2cce00d2c5a5c8b110d2880dcf92b05e1c32fe95f96e414","present","False"
"Plugins/Angelscript/Source/AngelscriptRuntime/Binds/Bind_FAngelscriptGameThreadScopeWorldContext.cpp","23","Bind_FAngelscriptGameThreadScopeWorldContext","ExplicitBindings","ObjectsReflection","4.4","320eac8f91bd2b3b6abc68bc81944ba0e358821e15712a8e785db2b2343f8763","present","False"
"Plugins/Angelscript/Source/AngelscriptRuntime/Binds/Bind_FInstancedStruct_Functions.cpp","","","","ObjectsReflection","4.4","09e8b008511c2eab1776b4c65c791984996450ca0fdf58db7afebc27b249399c","companion_no_output","False"
"Plugins/Angelscript/Source/AngelscriptRuntime/Binds/Bind_FInstancedStruct.cpp","43","Bind_FInstancedStruct","ExplicitBindings","ObjectsReflection","4.4","4e4e59b97c87cd28600a54a1a64aea503f8340ee9b53234a11d433da1c48795c","present","False"
"Plugins/Angelscript/Source/AngelscriptRuntime/Binds/Bind_FunctionLibraryMixins.cpp","87","Bind_FunctionLibraryMixins","PostReflectionBindings","ObjectsReflection","4.4","4995071f66dff5339298f40fbcf7b4dae9abe667af36ef30f9b17a557733c4b3","present","False"
"Plugins/Angelscript/Source/AngelscriptRuntime/Binds/Bind_SoftObjectPath.cpp","77","Bind_SoftObjectPath","ExplicitBindings","ObjectsReflection","4.4","06083e5f3bc0968715fd91cf3bcbdeb8e192466c8b20411e860fd64c1ba72acf","present","False"
"Plugins/Angelscript/Source/AngelscriptRuntime/Binds/Bind_SoftObjectPath.cpp","110","Bind_SoftObjectPath_ToStringContributions","TypeInfrastructure","ObjectsReflection","4.4","06083e5f3bc0968715fd91cf3bcbdeb8e192466c8b20411e860fd64c1ba72acf","present","False"
"Plugins/Angelscript/Source/AngelscriptRuntime/Binds/Bind_TSoftObjectPtr_Functions.cpp","","","","ObjectsReflection","4.4","bd6004128ecae164bc81625096900d2aab275323c6f85021c3ce48f359386ba3","companion_no_output","False"
"Plugins/Angelscript/Source/AngelscriptRuntime/Binds/Bind_TSoftObjectPtr_Type.cpp","","","","ObjectsReflection","4.4","1c9649e9fa01075b1c6fd4c2d524026677fedaf975837fe9049b13bba66426e5","companion_no_output","False"
"Plugins/Angelscript/Source/AngelscriptRuntime/Binds/Bind_TSoftObjectPtr.cpp","142","Bind_TSoftObjectPtr_TypeDeclarations","TypeDeclarations","ObjectsReflection","4.4","4f8bf0bcc8f1f40b8fece5c481ecb563e73ffa578918027614a68ceadfd87990","present","False"
"Plugins/Angelscript/Source/AngelscriptRuntime/Binds/Bind_TSoftObjectPtr.cpp","158","Bind_TSoftObjectPtr_TypeInfrastructure","TypeInfrastructure","ObjectsReflection","4.4","4f8bf0bcc8f1f40b8fece5c481ecb563e73ffa578918027614a68ceadfd87990","present","False"
"Plugins/Angelscript/Source/AngelscriptRuntime/Binds/Bind_TSoftObjectPtr.cpp","210","Bind_TSoftObjectPtr_Functions","ExplicitBindings","ObjectsReflection","4.4","4f8bf0bcc8f1f40b8fece5c481ecb563e73ffa578918027614a68ceadfd87990","present","False"
"Plugins/Angelscript/Source/AngelscriptRuntime/Binds/Bind_UEnum_Type.cpp","","","","ObjectsReflection","4.4","1f438b5aef63f9ad56eca88516aeb643211daf8b79860840e52a23a84ac7c73c","companion_no_output","False"
"Plugins/Angelscript/Source/AngelscriptRuntime/Binds/Bind_UEnum.cpp","129","Bind_Enums","TypeDeclarations","ObjectsReflection","4.4","6e548159c456959eb011934191c1f58a6df9b4869aed5de364dee932a1eb559d","present","False"
"Plugins/Angelscript/Source/AngelscriptRuntime/Binds/Bind_UEnum.cpp","331","Bind_EGetByNameFlags","TypeDeclarations","ObjectsReflection","4.4","6e548159c456959eb011934191c1f58a6df9b4869aed5de364dee932a1eb559d","present","False"
"Plugins/Angelscript/Source/AngelscriptRuntime/Binds/Bind_UEnum.cpp","343","Bind_UEnum","ExplicitBindings","ObjectsReflection","4.4","6e548159c456959eb011934191c1f58a6df9b4869aed5de364dee932a1eb559d","present","False"
"Plugins/Angelscript/Source/AngelscriptRuntime/Binds/Bind_UObject_Functions.cpp","","","","ObjectsReflection","4.4","5cc61ab2cd8e039be484e1d0f3c1657d5c8f36f2f0a7cbd5b61b73e1002239d2","companion_no_output","False"
"Plugins/Angelscript/Source/AngelscriptRuntime/Binds/Bind_UObject.cpp","166","Bind_UObject_Base","ExplicitBindings","ObjectsReflection","4.4","11c7bfd06c10a50162d94cc1ac4780179322aaf245647ca4f51f72b3d69367e8","present","False"
"Plugins/Angelscript/Source/AngelscriptRuntime/Binds/Bind_UObject.cpp","229","Bind_UObject_ToStringContribution","TypeInfrastructure","ObjectsReflection","4.4","11c7bfd06c10a50162d94cc1ac4780179322aaf245647ca4f51f72b3d69367e8","present","False"
"Plugins/Angelscript/Source/AngelscriptRuntime/Binds/Bind_UObject.cpp","241","Bind_UClass_Base","ExplicitBindings","ObjectsReflection","4.4","11c7bfd06c10a50162d94cc1ac4780179322aaf245647ca4f51f72b3d69367e8","present","False"
"Plugins/Angelscript/Source/AngelscriptRuntime/Binds/Bind_UObject.cpp","271","Bind_UFunction_Base","ExplicitBindings","ObjectsReflection","4.4","11c7bfd06c10a50162d94cc1ac4780179322aaf245647ca4f51f72b3d69367e8","present","False"
"Plugins/Angelscript/Source/AngelscriptRuntime/Binds/Bind_UObject.cpp","358","Bind_UObject_Operations","ExplicitBindings","ObjectsReflection","4.4","11c7bfd06c10a50162d94cc1ac4780179322aaf245647ca4f51f72b3d69367e8","present","False"
"Plugins/Angelscript/Source/AngelscriptRuntime/Binds/Bind_UPackage.cpp","13","Bind_UPackage","ExplicitBindings","ObjectsReflection","4.4","e969628622d60433d27f9fa336b5c51953d5c10c411ad2f1f1c43e456e68bd7c","present","False"
"Plugins/Angelscript/Source/AngelscriptRuntime/Binds/Bind_UStruct_Functions.cpp","","","","ObjectsReflection","4.4","54bbf8d7d24e88de1b40499ac1e5f24a137add0d93206bb85bae704177ed8a61","companion_no_output","False"
"Plugins/Angelscript/Source/AngelscriptRuntime/Binds/Bind_UStruct_Type.cpp","","","","ObjectsReflection","4.4","e22875ee33eaf86e5d34bc54c1b3f657bb4ca9533feff51f2aed8fddfa04236c","companion_no_output","False"
"Plugins/Angelscript/Source/AngelscriptRuntime/Binds/Bind_UStruct.cpp","242","Bind_UStruct_TypeDeclarations","TypeDeclarations","ObjectsReflection","4.4","faf2a317ff2890fb0eed0a6dfce09541c1b17127078347894d0f8ee3cfa43cc1","present","False"
"Plugins/Angelscript/Source/AngelscriptRuntime/Binds/Bind_UStruct.cpp","270","Bind_UStruct_TypeInfrastructure","TypeInfrastructure","ObjectsReflection","4.4","faf2a317ff2890fb0eed0a6dfce09541c1b17127078347894d0f8ee3cfa43cc1","present","False"
"Plugins/Angelscript/Source/AngelscriptRuntime/Binds/Bind_UStruct.cpp","284","Bind_UStruct_ReflectionBindings","ReflectionBindings","ObjectsReflection","4.4","faf2a317ff2890fb0eed0a6dfce09541c1b17127078347894d0f8ee3cfa43cc1","present","False"
"Plugins/Angelscript/Source/AngelscriptRuntime/Binds/Bind_UStruct.cpp","501","Bind_UStruct_TypeDeclarations","TypeDeclarations","ObjectsReflection","4.4","faf2a317ff2890fb0eed0a6dfce09541c1b17127078347894d0f8ee3cfa43cc1","present","False"
"Plugins/Angelscript/Source/AngelscriptRuntime/Binds/Bind_UStruct.cpp","526","Bind_UStruct_TypeInfrastructure","TypeInfrastructure","ObjectsReflection","4.4","faf2a317ff2890fb0eed0a6dfce09541c1b17127078347894d0f8ee3cfa43cc1","present","False"
"Plugins/Angelscript/Source/AngelscriptRuntime/Binds/Bind_UStruct.cpp","541","Bind_UStruct_ReflectionBindings","ReflectionBindings","ObjectsReflection","4.4","faf2a317ff2890fb0eed0a6dfce09541c1b17127078347894d0f8ee3cfa43cc1","present","False"
