file,bytes
Provider.generated.cpp,745593
ASStaticJITAotFixture.c8f22911.EditorDevelopment.jit.cpp,230378
ProviderManifest.generated.json,135202
ASStaticJITTypedControlFlowFixture.e3b08a3c.EditorDevelopment.jit.cpp,65844
ASStaticJITTypedRecursionFixture.d19c9e37.EditorDevelopment.jit.cpp,46414
DifferentialCloneableStateTypedASTJIT.generated.cpp,43890
ASStaticJITTypedFinalScalarFixture.d5fc286c.EditorDevelopment.jit.cpp,36092
DifferentialCloneableStateBytecodeJIT.generated.cpp,34826
ASStaticJITTypedPrivateBridgeFixture.9d65c50b.EditorDevelopment.jit.cpp,28247
ASStaticJITTypedPrintFixture.1710fe38.EditorDevelopment.jit.cpp,6775
jit.cpp_total_7_files,421780
all_generated_cpp_31_files,1411507
