"SourceFile","SourceLine","ProviderVariable","BindNameExpression","Provider","PhaseExpression","CallbackKind","CallbackExpression","OwnerModuleExpression","UsesDefaultSourceLocation"
"Binds/Bind_AActor.cpp","119","Bind_AActor","TEXT(""AActor.Manual"")","AActor.Manual","EAngelscriptBindPhase::ExplicitBindings","InlineLambda","<inline-lambda>","UE_MODULE_NAME","True"
"Binds/Bind_AActor.cpp","193","Bind_Actors","TEXT(""AActor.PostReflection"")","AActor.PostReflection","EAngelscriptBindPhase::PostReflectionBindings","InlineLambda","<inline-lambda>","UE_MODULE_NAME","True"
"Binds/Bind_APlayerController.cpp","60","Bind_AController","TEXT(""AController.Functions"")","AController.Functions","EAngelscriptBindPhase::ExplicitBindings","InlineLambda","<inline-lambda>","UE_MODULE_NAME","True"
"Binds/Bind_APlayerController.cpp","74","Bind_APlayerController","TEXT(""APlayerController.Functions"")","APlayerController.Functions","EAngelscriptBindPhase::ExplicitBindings","InlineLambda","<inline-lambda>","UE_MODULE_NAME","True"
"Binds/Bind_APlayerController.cpp","88","Bind_APawn","TEXT(""APawn.Functions"")","APawn.Functions","EAngelscriptBindPhase::ExplicitBindings","InlineLambda","<inline-lambda>","UE_MODULE_NAME","True"
"Binds/Bind_AssetBundleData.cpp","58","Bind_AssetBundleData_Type","TEXT(""AssetBundleData.Type"")","AssetBundleData.Type","EAngelscriptBindPhase::TypeDeclarations","InlineLambda","<inline-lambda>","UE_MODULE_NAME","True"
"Binds/Bind_AssetBundleData.cpp","68","Bind_AssetBundleData","TEXT(""AssetBundleData"")","AssetBundleData","EAngelscriptBindPhase::ExplicitBindings","InlineLambda","<inline-lambda>","UE_MODULE_NAME","True"
"Binds/Bind_AssetManagerScriptMixins.cpp","21","Bind_AssetManagerScriptMixins","TEXT(""AssetManagerScriptMixins.GeneratedOverrides"")","AssetManagerScriptMixins.GeneratedOverrides","EAngelscriptBindPhase::ExplicitBindings","InlineLambda","<inline-lambda>","UE_MODULE_NAME","True"
"Binds/Bind_AssetRegistry.cpp","93","Bind_AssetRegistry_ToStringContribution","TEXT(""AssetRegistry.TopLevelAssetPathToStringContribution"")","AssetRegistry.TopLevelAssetPathToStringContribution","EAngelscriptBindPhase::TypeInfrastructure","InlineLambda","<inline-lambda>","UE_MODULE_NAME","True"
"Binds/Bind_AssetRegistry.cpp","104","Bind_AssetRegistry","TEXT(""AssetRegistry.Manual"")","AssetRegistry.Manual","EAngelscriptBindPhase::ExplicitBindings","InlineLambda","<inline-lambda>","UE_MODULE_NAME","True"
"Binds/Bind_AVolume.cpp","33","Bind_AVolume","TEXT(""AVolume"")","AVolume","EAngelscriptBindPhase::ExplicitBindings","InlineLambda","<inline-lambda>","UE_MODULE_NAME","True"
"Binds/Bind_BlueprintEvent.cpp","586","Bind_BlueprintEvents","TEXT(""BlueprintEvents.HelperGlobals"")","BlueprintEvents.HelperGlobals","EAngelscriptBindPhase::ExplicitBindings","InlineLambda","<inline-lambda>","UE_MODULE_NAME","True"
"Binds/Bind_BlueprintType.cpp","1067","Bind_BlueprintType_ReflectionBindings","TEXT(""BlueprintType.ReflectionBindings"")","BlueprintType.ReflectionBindings","EAngelscriptBindPhase::ReflectionBindings","InlineLambda","<inline-lambda>","UE_MODULE_NAME","True"
"Binds/Bind_BlueprintType.cpp","1477","Bind_BlueprintType_ReflectionBindings","TEXT(""BlueprintType.ReflectionBindings"")","BlueprintType.ReflectionBindings","EAngelscriptBindPhase::ReflectionBindings","InlineLambda","<inline-lambda>","UE_MODULE_NAME","True"
"Binds/Bind_BlueprintType.cpp","2632","Bind_BlueprintType_ReferenceClassDeclarations","TEXT(""BlueprintType.ReferenceClasses"")","BlueprintType.ReferenceClasses","EAngelscriptBindPhase::TypeDeclarations","InlineLambda","<inline-lambda>","UE_MODULE_NAME","True"
"Binds/Bind_BlueprintType.cpp","2663","Bind_BlueprintType_StaticClasses","TEXT(""BlueprintType.StaticClasses"")","BlueprintType.StaticClasses","EAngelscriptBindPhase::ExplicitBindings","InlineLambda","<inline-lambda>","UE_MODULE_NAME","True"
"Binds/Bind_BlueprintType.cpp","2705","Bind_BlueprintType_ReferenceClassDeclarations","TEXT(""BlueprintType.ReferenceClasses"")","BlueprintType.ReferenceClasses","EAngelscriptBindPhase::TypeDeclarations","InlineLambda","<inline-lambda>","UE_MODULE_NAME","True"
"Binds/Bind_BlueprintType.cpp","2728","Bind_BlueprintType_StaticClasses","TEXT(""BlueprintType.StaticClasses"")","BlueprintType.StaticClasses","EAngelscriptBindPhase::ExplicitBindings","InlineLambda","<inline-lambda>","UE_MODULE_NAME","True"
"Binds/Bind_BlueprintType.cpp","2746","Bind_TObjectPtr_TypeDeclarations","TEXT(""TObjectPtr.Declaration"")","TObjectPtr.Declaration","EAngelscriptBindPhase::TypeDeclarations","InlineLambda","<inline-lambda>","UE_MODULE_NAME","True"
"Binds/Bind_BlueprintType.cpp","2761","Bind_TSubclassOf_TypeDeclarations","TEXT(""TSubclassOf.Declaration"")","TSubclassOf.Declaration","EAngelscriptBindPhase::TypeDeclarations","InlineLambda","<inline-lambda>","UE_MODULE_NAME","True"
"Binds/Bind_BlueprintType.cpp","2776","Bind_TWeakObjectPtr_TypeDeclarations","TEXT(""TWeakObjectPtr.Declaration"")","TWeakObjectPtr.Declaration","EAngelscriptBindPhase::TypeDeclarations","InlineLambda","<inline-lambda>","UE_MODULE_NAME","True"
"Binds/Bind_BlueprintType.cpp","2791","Bind_TObjectPtr_MethodSurface","TEXT(""TObjectPtr.MethodSurface"")","TObjectPtr.MethodSurface","EAngelscriptBindPhase::TypeInfrastructure","InlineLambda","<inline-lambda>","UE_MODULE_NAME","True"
"Binds/Bind_BlueprintType.cpp","2832","Bind_TSubclassOf_MethodSurface","TEXT(""TSubclassOf.MethodSurface"")","TSubclassOf.MethodSurface","EAngelscriptBindPhase::TypeInfrastructure","InlineLambda","<inline-lambda>","UE_MODULE_NAME","True"
"Binds/Bind_BlueprintType.cpp","2892","Bind_TWeakObjectPtr_MethodSurface","TEXT(""TWeakObjectPtr.MethodSurface"")","TWeakObjectPtr.MethodSurface","EAngelscriptBindPhase::TypeInfrastructure","InlineLambda","<inline-lambda>","UE_MODULE_NAME","True"
"Binds/Bind_BlueprintType.cpp","2947","Bind_BlueprintType_Infrastructure","TEXT(""UObject.TypeInfrastructure"")","UObject.TypeInfrastructure","EAngelscriptBindPhase::TypeInfrastructure","InlineLambda","<inline-lambda>","UE_MODULE_NAME","True"
"Binds/Bind_CollisionProfile.cpp","38","Bind_CollisionProfile","TEXT(""CollisionProfile"")","CollisionProfile","EAngelscriptBindPhase::ExplicitBindings","InlineLambda","<inline-lambda>","UE_MODULE_NAME","True"
"Binds/Bind_ConfigEnums.cpp","20","Bind_ConfigEnums","TEXT(""ConfigEnums"")","ConfigEnums","EAngelscriptBindPhase::TypeDeclarations","InlineLambda","<inline-lambda>","UE_MODULE_NAME","True"
"Binds/Bind_Console.cpp","47","Bind_ConsoleTypes","TEXT(""Console.Types"")","Console.Types","EAngelscriptBindPhase::TypeDeclarations","InlineLambda","<inline-lambda>","UE_MODULE_NAME","True"
"Binds/Bind_Console.cpp","57","Bind_ConsoleVariables","TEXT(""Console.Variables"")","Console.Variables","EAngelscriptBindPhase::ExplicitBindings","InlineLambda","<inline-lambda>","UE_MODULE_NAME","True"
"Binds/Bind_Console.cpp","95","Bind_ConsoleCommands","TEXT(""Console.Commands"")","Console.Commands","EAngelscriptBindPhase::ExplicitBindings","InlineLambda","<inline-lambda>","UE_MODULE_NAME","True"
"Binds/Bind_CoreGlobals.cpp","68","Bind_CoreGlobals","TEXT(""CoreGlobals"")","CoreGlobals","EAngelscriptBindPhase::ExplicitBindings","InlineLambda","<inline-lambda>","UE_MODULE_NAME","True"
"Binds/Bind_Debugging.cpp","41","Bind_Debugging","TEXT(""Debugging.Manual"")","Debugging.Manual","EAngelscriptBindPhase::ExplicitBindings","InlineLambda","<inline-lambda>","UE_MODULE_NAME","True"
"Binds/Bind_Delegates.cpp","701","Bind_Delegate_Declarations","TEXT(""Delegates.Declarations"")","Delegates.Declarations","EAngelscriptBindPhase::TypeDeclarations","InlineLambda","<inline-lambda>","UE_MODULE_NAME","True"
"Binds/Bind_Delegates.cpp","784","Bind_Delegates","TEXT(""Delegates.Functions"")","Delegates.Functions","EAngelscriptBindPhase::ExplicitBindings","InlineLambda","<inline-lambda>","UE_MODULE_NAME","True"
"Binds/Bind_Deprecations.cpp","36","Bind_Deprecations","TEXT(""Deprecations"")","Deprecations","EAngelscriptBindPhase::TypeDeclarations","InlineLambda","<inline-lambda>","UE_MODULE_NAME","True"
"Binds/Bind_FActorSpawnParameters.cpp","43","Bind_FActorSpawnParameters_TypeDeclarations","TEXT(""FActorSpawnParameters.TypeDeclarations"")","FActorSpawnParameters.TypeDeclarations","EAngelscriptBindPhase::TypeDeclarations","InlineLambda","<inline-lambda>","UE_MODULE_NAME","True"
"Binds/Bind_FActorSpawnParameters.cpp","58","Bind_FActorSpawnParameters_TypeInfrastructure","TEXT(""FActorSpawnParameters.TypeInfrastructure"")","FActorSpawnParameters.TypeInfrastructure","EAngelscriptBindPhase::TypeInfrastructure","InlineLambda","<inline-lambda>","UE_MODULE_NAME","True"
"Binds/Bind_FActorSpawnParameters.cpp","66","Bind_FActorSpawnParameters","TEXT(""FActorSpawnParameters.ExplicitBindings"")","FActorSpawnParameters.ExplicitBindings","EAngelscriptBindPhase::ExplicitBindings","InlineLambda","<inline-lambda>","UE_MODULE_NAME","True"
"Binds/Bind_FAnchors.cpp","38","Bind_FAnchors","TEXT(""FAnchors"")","FAnchors","EAngelscriptBindPhase::ExplicitBindings","InlineLambda","<inline-lambda>","UE_MODULE_NAME","True"
"Binds/Bind_FAngelscriptDelegateWithPayload.cpp","50","Bind_AngelscriptDelegateWithPayload","TEXT(""FAngelscriptDelegateWithPayload.Manual"")","FAngelscriptDelegateWithPayload.Manual","EAngelscriptBindPhase::ExplicitBindings","InlineLambda","<inline-lambda>","UE_MODULE_NAME","True"
"Binds/Bind_FAngelscriptGameThreadScopeWorldContext.cpp","23","Bind_FAngelscriptGameThreadScopeWorldContext","TEXT(""FAngelscriptGameThreadScopeWorldContext"")","FAngelscriptGameThreadScopeWorldContext","EAngelscriptBindPhase::ExplicitBindings","InlineLambda","<inline-lambda>","UE_MODULE_NAME","True"
"Binds/Bind_FApp.cpp","23","Bind_FApp","TEXT(""FApp"")","FApp","EAngelscriptBindPhase::ExplicitBindings","InlineLambda","<inline-lambda>","UE_MODULE_NAME","True"
"Binds/Bind_FBodyInstance.cpp","21","Bind_FBodyInstance","TEXT(""FBodyInstance"")","FBodyInstance","EAngelscriptBindPhase::ExplicitBindings","InlineLambda","<inline-lambda>","UE_MODULE_NAME","True"
"Binds/Bind_FBox.cpp","86","Bind_FBox_Type","TEXT(""FBox.Type"")","FBox.Type","EAngelscriptBindPhase::TypeDeclarations","InlineLambda","<inline-lambda>","UE_MODULE_NAME","True"
"Binds/Bind_FBox.cpp","98","Bind_FBox_ToStringContribution","TEXT(""FBox.ToStringContribution"")","FBox.ToStringContribution","EAngelscriptBindPhase::TypeInfrastructure","InlineLambda","<inline-lambda>","UE_MODULE_NAME","True"
"Binds/Bind_FBox.cpp","106","Bind_FBox","TEXT(""FBox.Functions"")","FBox.Functions","EAngelscriptBindPhase::ExplicitBindings","InlineLambda","<inline-lambda>","UE_MODULE_NAME","True"
"Binds/Bind_FBox2D.cpp","25","Bind_FBox2D","TEXT(""FBox2D"")","FBox2D","EAngelscriptBindPhase::ExplicitBindings","InlineLambda","<inline-lambda>","UE_MODULE_NAME","True"
"Binds/Bind_FBox3f.cpp","68","Bind_FBox3f_Type","TEXT(""FBox3f.Type"")","FBox3f.Type","EAngelscriptBindPhase::TypeDeclarations","InlineLambda","<inline-lambda>","UE_MODULE_NAME","True"
"Binds/Bind_FBox3f.cpp","80","Bind_FBox3f_ToStringContribution","TEXT(""FBox3f.ToStringContribution"")","FBox3f.ToStringContribution","EAngelscriptBindPhase::TypeInfrastructure","InlineLambda","<inline-lambda>","UE_MODULE_NAME","True"
"Binds/Bind_FBox3f.cpp","88","Bind_FBox3f","TEXT(""FBox3f.Functions"")","FBox3f.Functions","EAngelscriptBindPhase::ExplicitBindings","InlineLambda","<inline-lambda>","UE_MODULE_NAME","True"
"Binds/Bind_FBoxSphereBounds.cpp","62","Bind_FBoxSphereBounds_Type","TEXT(""FBoxSphereBounds.Type"")","FBoxSphereBounds.Type","EAngelscriptBindPhase::TypeDeclarations","InlineLambda","<inline-lambda>","UE_MODULE_NAME","True"
"Binds/Bind_FBoxSphereBounds.cpp","74","Bind_FBoxSphereBounds_ToStringContribution","TEXT(""FBoxSphereBounds.ToStringContribution"")","FBoxSphereBounds.ToStringContribution","EAngelscriptBindPhase::TypeInfrastructure","InlineLambda","<inline-lambda>","UE_MODULE_NAME","True"
"Binds/Bind_FBoxSphereBounds.cpp","82","Bind_FBoxSphereBounds","TEXT(""FBoxSphereBounds.Functions"")","FBoxSphereBounds.Functions","EAngelscriptBindPhase::ExplicitBindings","InlineLambda","<inline-lambda>","UE_MODULE_NAME","True"
"Binds/Bind_FBoxSphereBounds3f.cpp","69","Bind_FBoxSphereBounds3f_Type","TEXT(""FBoxSphereBounds3f.Type"")","FBoxSphereBounds3f.Type","EAngelscriptBindPhase::TypeDeclarations","InlineLambda","<inline-lambda>","UE_MODULE_NAME","True"
"Binds/Bind_FBoxSphereBounds3f.cpp","81","Bind_FBoxSphereBounds3f_ToStringContribution","TEXT(""FBoxSphereBounds3f.ToStringContribution"")","FBoxSphereBounds3f.ToStringContribution","EAngelscriptBindPhase::TypeInfrastructure","InlineLambda","<inline-lambda>","UE_MODULE_NAME","True"
"Binds/Bind_FBoxSphereBounds3f.cpp","89","Bind_FBoxSphereBounds3f","TEXT(""FBoxSphereBounds3f.Functions"")","FBoxSphereBounds3f.Functions","EAngelscriptBindPhase::ExplicitBindings","InlineLambda","<inline-lambda>","UE_MODULE_NAME","True"
"Binds/Bind_FCollisionQueryParams.cpp","422","Bind_FCollisionQueryParams_TypeDeclarations","TEXT(""FCollisionQueryParams.TypeDeclarations"")","FCollisionQueryParams.TypeDeclarations","EAngelscriptBindPhase::TypeDeclarations","InlineLambda","<inline-lambda>","UE_MODULE_NAME","True"
"Binds/Bind_FCollisionQueryParams.cpp","456","Bind_FCollisionQueryParams_TypeInfrastructure","TEXT(""FCollisionQueryParams.TypeInfrastructure"")","FCollisionQueryParams.TypeInfrastructure","EAngelscriptBindPhase::TypeInfrastructure","InlineLambda","<inline-lambda>","UE_MODULE_NAME","True"
"Binds/Bind_FCollisionQueryParams.cpp","468","Bind_FCollisionQueryParams_ManualBindings","TEXT(""FCollisionQueryParams.ExplicitBindings"")","FCollisionQueryParams.ExplicitBindings","EAngelscriptBindPhase::ExplicitBindings","InlineLambda","<inline-lambda>","UE_MODULE_NAME","True"
"Binds/Bind_FCollisionShape.cpp","78","Bind_FCollisionShape_Types","TEXT(""FCollisionShape.Types"")","FCollisionShape.Types","EAngelscriptBindPhase::TypeDeclarations","InlineLambda","<inline-lambda>","UE_MODULE_NAME","True"
"Binds/Bind_FCollisionShape.cpp","95","Bind_FCollisionShape","TEXT(""FCollisionShape.Functions"")","FCollisionShape.Functions","EAngelscriptBindPhase::ExplicitBindings","InlineLambda","<inline-lambda>","UE_MODULE_NAME","True"
"Binds/Bind_FColor.cpp","86","Bind_FColor","TEXT(""FColor"")","FColor","EAngelscriptBindPhase::ExplicitBindings","InlineLambda","<inline-lambda>","UE_MODULE_NAME","True"
"Binds/Bind_FColor.cpp","148","Bind_FColor_ToStringContribution","TEXT(""FColor.ToStringContribution"")","FColor.ToStringContribution","EAngelscriptBindPhase::TypeInfrastructure","InlineLambda","<inline-lambda>","UE_MODULE_NAME","True"
"Binds/Bind_FCommandLine.cpp","23","Bind_FCommandLine","TEXT(""FCommandLine"")","FCommandLine","EAngelscriptBindPhase::ExplicitBindings","InlineLambda","<inline-lambda>","UE_MODULE_NAME","True"
"Binds/Bind_FCpuProfilerTraceScoped.cpp","21","Bind_TraceCPUProfilerEventScoped","TEXT(""FCpuProfilerTraceScoped"")","FCpuProfilerTraceScoped","EAngelscriptBindPhase::ExplicitBindings","InlineLambda","<inline-lambda>","UE_MODULE_NAME","True"
"Binds/Bind_FDateTime.cpp","120","Bind_FDateTime_ToStringContribution","TEXT(""FDateTime.ToStringContribution"")","FDateTime.ToStringContribution","EAngelscriptBindPhase::TypeInfrastructure","InlineLambda","<inline-lambda>","UE_MODULE_NAME","True"
"Binds/Bind_FDateTime.cpp","128","Bind_FDateTime","TEXT(""FDateTime.Functions"")","FDateTime.Functions","EAngelscriptBindPhase::ExplicitBindings","InlineLambda","<inline-lambda>","UE_MODULE_NAME","True"
"Binds/Bind_FFileHelper.cpp","49","Bind_FFileHelper_Types","TEXT(""FFileHelper.Types"")","FFileHelper.Types","EAngelscriptBindPhase::TypeDeclarations","InlineLambda","<inline-lambda>","UE_MODULE_NAME","True"
"Binds/Bind_FFileHelper.cpp","83","Bind_FFileHelper","TEXT(""FFileHelper.Functions"")","FFileHelper.Functions","EAngelscriptBindPhase::ExplicitBindings","InlineLambda","<inline-lambda>","UE_MODULE_NAME","True"
"Binds/Bind_FFormatArgumentValue.cpp","32","Bind_FFormatArgumentValue_Type","TEXT(""FFormatArgumentValue.Type"")","FFormatArgumentValue.Type","EAngelscriptBindPhase::TypeDeclarations","InlineLambda","<inline-lambda>","UE_MODULE_NAME","True"
"Binds/Bind_FFormatArgumentValue.cpp","42","Bind_FFormatArgumentValue_Infrastructure","TEXT(""FFormatArgumentValue.Infrastructure"")","FFormatArgumentValue.Infrastructure","EAngelscriptBindPhase::TypeInfrastructure","InlineLambda","<inline-lambda>","UE_MODULE_NAME","True"
"Binds/Bind_FFormatArgumentValue.cpp","50","Bind_FFormatArgumentValue","TEXT(""FFormatArgumentValue.Functions"")","FFormatArgumentValue.Functions","EAngelscriptBindPhase::ExplicitBindings","InlineLambda","<inline-lambda>","UE_MODULE_NAME","True"
"Binds/Bind_FFrameTime.cpp","33","Bind_FFrameTime","TEXT(""FFrameTime"")","FFrameTime","EAngelscriptBindPhase::ExplicitBindings","InlineLambda","<inline-lambda>","UE_MODULE_NAME","True"
"Binds/Bind_FGenericPlatformMisc.cpp","14","Bind_FGenericPlatformMisc","TEXT(""FGenericPlatformMisc"")","FGenericPlatformMisc","EAngelscriptBindPhase::ExplicitBindings","InlineLambda","<inline-lambda>","UE_MODULE_NAME","True"
"Binds/Bind_FGeometry.cpp","34","Bind_FGeometry","TEXT(""FGeometry"")","FGeometry","EAngelscriptBindPhase::ExplicitBindings","InlineLambda","<inline-lambda>","UE_MODULE_NAME","True"
"Binds/Bind_FGuid.cpp","55","Bind_EGuidFormats","TEXT(""EGuidFormats"")","EGuidFormats","EAngelscriptBindPhase::TypeDeclarations","InlineLambda","<inline-lambda>","UE_MODULE_NAME","True"
"Binds/Bind_FGuid.cpp","71","Bind_FGuid","TEXT(""FGuid"")","FGuid","EAngelscriptBindPhase::ExplicitBindings","InlineLambda","<inline-lambda>","UE_MODULE_NAME","True"
"Binds/Bind_FHitResult.cpp","102","Bind_FHitResult","TEXT(""FHitResult.Functions"")","FHitResult.Functions","EAngelscriptBindPhase::ExplicitBindings","InlineLambda","<inline-lambda>","UE_MODULE_NAME","True"
"Binds/Bind_FInputActionKeyMapping.cpp","15","Bind_FInputActionKeyMapping","TEXT(""FInputActionKeyMapping"")","FInputActionKeyMapping","EAngelscriptBindPhase::ExplicitBindings","InlineLambda","<inline-lambda>","UE_MODULE_NAME","True"
"Binds/Bind_FInputActionValue.cpp","52","Bind_FInputActionValue","TEXT(""FInputActionValue"")","FInputActionValue","EAngelscriptBindPhase::ExplicitBindings","InlineLambda","<inline-lambda>","UE_MODULE_NAME","True"
"Binds/Bind_FInputBindingHandle.cpp","62","Bind_FInputBindingHandle_Types","TEXT(""FInputBindingHandle.Types"")","FInputBindingHandle.Types","EAngelscriptBindPhase::TypeDeclarations","InlineLambda","<inline-lambda>","UE_MODULE_NAME","True"
"Binds/Bind_FInputBindingHandle.cpp","74","Bind_FInputBindingHandle","TEXT(""FInputBindingHandle.Functions"")","FInputBindingHandle.Functions","EAngelscriptBindPhase::ExplicitBindings","InlineLambda","<inline-lambda>","UE_MODULE_NAME","True"
"Binds/Bind_FInstancedStruct.cpp","43","Bind_FInstancedStruct","TEXT(""FInstancedStruct.Functions"")","FInstancedStruct.Functions","EAngelscriptBindPhase::ExplicitBindings","InlineLambda","<inline-lambda>","UE_MODULE_NAME","True"
"Binds/Bind_FIntPoint.cpp","60","Bind_FIntPoint_Type","TEXT(""FIntPoint.Type"")","FIntPoint.Type","EAngelscriptBindPhase::TypeDeclarations","InlineLambda","<inline-lambda>","UE_MODULE_NAME","True"
"Binds/Bind_FIntPoint.cpp","71","Bind_FIntPoint","TEXT(""FIntPoint.Functions"")","FIntPoint.Functions","EAngelscriptBindPhase::ExplicitBindings","InlineLambda","<inline-lambda>","UE_MODULE_NAME","True"
"Binds/Bind_FIntPoint.cpp","117","Bind_FIntPoint_ToStringContribution","TEXT(""FIntPoint.ToStringContribution"")","FIntPoint.ToStringContribution","EAngelscriptBindPhase::TypeInfrastructure","InlineLambda","<inline-lambda>","UE_MODULE_NAME","True"
"Binds/Bind_FIntVector.cpp","71","Bind_FIntVector_Type","TEXT(""FIntVector.Type"")","FIntVector.Type","EAngelscriptBindPhase::TypeDeclarations","InlineLambda","<inline-lambda>","UE_MODULE_NAME","True"
"Binds/Bind_FIntVector.cpp","82","Bind_FIntVector_ToStringContribution","TEXT(""FIntVector.ToStringContribution"")","FIntVector.ToStringContribution","EAngelscriptBindPhase::TypeInfrastructure","InlineLambda","<inline-lambda>","UE_MODULE_NAME","True"
"Binds/Bind_FIntVector.cpp","90","Bind_FIntVector","TEXT(""FIntVector.Functions"")","FIntVector.Functions","EAngelscriptBindPhase::ExplicitBindings","InlineLambda","<inline-lambda>","UE_MODULE_NAME","True"
"Binds/Bind_FIntVector2.cpp","36","Bind_FIntVector2_Type","TEXT(""FIntVector2.Type"")","FIntVector2.Type","EAngelscriptBindPhase::TypeDeclarations","InlineLambda","<inline-lambda>","UE_MODULE_NAME","True"
"Binds/Bind_FIntVector2.cpp","47","Bind_FIntVector2_ToStringContribution","TEXT(""FIntVector2.ToStringContribution"")","FIntVector2.ToStringContribution","EAngelscriptBindPhase::TypeInfrastructure","InlineLambda","<inline-lambda>","UE_MODULE_NAME","True"
"Binds/Bind_FIntVector2.cpp","55","Bind_FIntVector2","TEXT(""FIntVector2.Functions"")","FIntVector2.Functions","EAngelscriptBindPhase::ExplicitBindings","InlineLambda","<inline-lambda>","UE_MODULE_NAME","True"
"Binds/Bind_FIntVector4.cpp","60","Bind_FIntVector4_Type","TEXT(""FIntVector4.Type"")","FIntVector4.Type","EAngelscriptBindPhase::TypeDeclarations","InlineLambda","<inline-lambda>","UE_MODULE_NAME","True"
"Binds/Bind_FIntVector4.cpp","71","Bind_FIntVector4_ToStringContribution","TEXT(""FIntVector4.ToStringContribution"")","FIntVector4.ToStringContribution","EAngelscriptBindPhase::TypeInfrastructure","InlineLambda","<inline-lambda>","UE_MODULE_NAME","True"
"Binds/Bind_FIntVector4.cpp","79","Bind_FIntVector4","TEXT(""FIntVector4.Functions"")","FIntVector4.Functions","EAngelscriptBindPhase::ExplicitBindings","InlineLambda","<inline-lambda>","UE_MODULE_NAME","True"
"Binds/Bind_FLatentActionInfo.cpp","38","Bind_FLatentActionInfo","TEXT(""FLatentActionInfo"")","FLatentActionInfo","EAngelscriptBindPhase::ExplicitBindings","InlineLambda","<inline-lambda>","UE_MODULE_NAME","True"
"Binds/Bind_FLinearColor.cpp","133","Bind_FLinearColor_Type","TEXT(""FLinearColor.Type"")","FLinearColor.Type","EAngelscriptBindPhase::TypeDeclarations","InlineLambda","<inline-lambda>","UE_MODULE_NAME","True"
"Binds/Bind_FLinearColor.cpp","143","Bind_FLinearColor_Infrastructure","TEXT(""FLinearColor.Infrastructure"")","FLinearColor.Infrastructure","EAngelscriptBindPhase::TypeInfrastructure","InlineLambda","<inline-lambda>","UE_MODULE_NAME","True"
"Binds/Bind_FLinearColor.cpp","152","Bind_FLinearColor","TEXT(""FLinearColor.Functions"")","FLinearColor.Functions","EAngelscriptBindPhase::ExplicitBindings","InlineLambda","<inline-lambda>","UE_MODULE_NAME","True"
"Binds/Bind_FMargin.cpp","52","Bind_FMargin","TEXT(""FMargin"")","FMargin","EAngelscriptBindPhase::ExplicitBindings","InlineLambda","<inline-lambda>","UE_MODULE_NAME","True"
"Binds/Bind_FMath.cpp","769","Bind_FMath","TEXT(""FMath.Manual"")","FMath.Manual","EAngelscriptBindPhase::ExplicitBindings","InlineLambda","<inline-lambda>","UE_MODULE_NAME","True"
"Binds/Bind_FMatrix.cpp","32","Bind_FMatrix","TEXT(""FMatrix"")","FMatrix","EAngelscriptBindPhase::ExplicitBindings","InlineLambda","<inline-lambda>","UE_MODULE_NAME","True"
"Binds/Bind_FMemoryReader.cpp","49","Bind_FMemoryReaderType","TEXT(""FMemoryReader.Type"")","FMemoryReader.Type","EAngelscriptBindPhase::TypeDeclarations","InlineLambda","<inline-lambda>","UE_MODULE_NAME","True"
"Binds/Bind_FMemoryReader.cpp","57","Bind_FMemoryReader","TEXT(""FMemoryReader.Functions"")","FMemoryReader.Functions","EAngelscriptBindPhase::ExplicitBindings","InlineLambda","<inline-lambda>","UE_MODULE_NAME","True"
"Binds/Bind_FMessageDialog.cpp","33","Bind_FMessageDialog","TEXT(""FMessageDialog"")","FMessageDialog","EAngelscriptBindPhase::ExplicitBindings","InlineLambda","<inline-lambda>","UE_MODULE_NAME","True"
"Binds/Bind_FName.cpp","65","Bind_FName_Type","TEXT(""FName.Type"")","FName.Type","EAngelscriptBindPhase::TypeDeclarations","InlineLambda","<inline-lambda>","UE_MODULE_NAME","True"
"Binds/Bind_FName.cpp","75","Bind_FName_Infrastructure","TEXT(""FName.Infrastructure"")","FName.Infrastructure","EAngelscriptBindPhase::TypeInfrastructure","InlineLambda","<inline-lambda>","UE_MODULE_NAME","True"
"Binds/Bind_FName.cpp","84","Bind_FName","TEXT(""FName.Functions"")","FName.Functions","EAngelscriptBindPhase::ExplicitBindings","InlineLambda","<inline-lambda>","UE_MODULE_NAME","True"
"Binds/Bind_FNumberFormattingOptions.cpp","43","Bind_FNumberFormattingOptions_Type","TEXT(""FNumberFormattingOptions.Type"")","FNumberFormattingOptions.Type","EAngelscriptBindPhase::TypeDeclarations","InlineLambda","<inline-lambda>","UE_MODULE_NAME","True"
"Binds/Bind_FNumberFormattingOptions.cpp","54","Bind_FNumberFormattingOptions","TEXT(""FNumberFormattingOptions.Manual"")","FNumberFormattingOptions.Manual","EAngelscriptBindPhase::ExplicitBindings","InlineLambda","<inline-lambda>","UE_MODULE_NAME","True"
"Binds/Bind_FOverlapResult.cpp","40","Bind_FOverlapResult","TEXT(""FOverlapResult"")","FOverlapResult","EAngelscriptBindPhase::ExplicitBindings","InlineLambda","<inline-lambda>","UE_MODULE_NAME","True"
"Binds/Bind_FParse.cpp","32","Bind_FParse","TEXT(""FParse"")","FParse","EAngelscriptBindPhase::ExplicitBindings","InlineLambda","<inline-lambda>","UE_MODULE_NAME","True"
"Binds/Bind_FPaths.cpp","123","Bind_FPaths","TEXT(""FPaths"")","FPaths","EAngelscriptBindPhase::ExplicitBindings","InlineLambda","<inline-lambda>","UE_MODULE_NAME","True"
"Binds/Bind_FPlane.cpp","42","Bind_FPlane","TEXT(""FPlane"")","FPlane","EAngelscriptBindPhase::ExplicitBindings","InlineLambda","<inline-lambda>","UE_MODULE_NAME","True"
"Binds/Bind_FPlane4f.cpp","32","Bind_FPlane4f","TEXT(""FPlane4f"")","FPlane4f","EAngelscriptBindPhase::ExplicitBindings","InlineLambda","<inline-lambda>","UE_MODULE_NAME","True"
"Binds/Bind_FPlatformApplicationMisc.cpp","24","Bind_FPlatformApplicationMisc","TEXT(""FPlatformApplicationMisc"")","FPlatformApplicationMisc","EAngelscriptBindPhase::ExplicitBindings","InlineLambda","<inline-lambda>","UE_MODULE_NAME","True"
"Binds/Bind_FPlatformMisc.cpp","28","Bind_FPlatformMisc","TEXT(""FPlatformMisc"")","FPlatformMisc","EAngelscriptBindPhase::ExplicitBindings","InlineLambda","<inline-lambda>","UE_MODULE_NAME","True"
"Binds/Bind_FPlatformProcess.cpp","60","Bind_FPlatformProcess","TEXT(""FPlatformProcess"")","FPlatformProcess","EAngelscriptBindPhase::ExplicitBindings","InlineLambda","<inline-lambda>","UE_MODULE_NAME","True"
"Binds/Bind_FQuat.cpp","184","Bind_FQuat_Type","TEXT(""FQuat.Type"")","FQuat.Type","EAngelscriptBindPhase::TypeDeclarations","InlineLambda","<inline-lambda>","UE_MODULE_NAME","True"
"Binds/Bind_FQuat.cpp","194","Bind_FQuat_Infrastructure","TEXT(""FQuat.Infrastructure"")","FQuat.Infrastructure","EAngelscriptBindPhase::TypeInfrastructure","InlineLambda","<inline-lambda>","UE_MODULE_NAME","True"
"Binds/Bind_FQuat.cpp","202","Bind_FQuat","TEXT(""FQuat.Functions"")","FQuat.Functions","EAngelscriptBindPhase::ExplicitBindings","InlineLambda","<inline-lambda>","UE_MODULE_NAME","True"
"Binds/Bind_FQuat4f.cpp","184","Bind_FQuat4f_Type","TEXT(""FQuat4f.Type"")","FQuat4f.Type","EAngelscriptBindPhase::TypeDeclarations","InlineLambda","<inline-lambda>","UE_MODULE_NAME","True"
"Binds/Bind_FQuat4f.cpp","194","Bind_FQuat4f_Infrastructure","TEXT(""FQuat4f.Infrastructure"")","FQuat4f.Infrastructure","EAngelscriptBindPhase::TypeInfrastructure","InlineLambda","<inline-lambda>","UE_MODULE_NAME","True"
"Binds/Bind_FQuat4f.cpp","202","Bind_FQuat4f","TEXT(""FQuat4f.Functions"")","FQuat4f.Functions","EAngelscriptBindPhase::ExplicitBindings","InlineLambda","<inline-lambda>","UE_MODULE_NAME","True"
"Binds/Bind_FRandomStream.cpp","63","Bind_FRandomStream_Type","TEXT(""FRandomStream.Type"")","FRandomStream.Type","EAngelscriptBindPhase::TypeDeclarations","InlineLambda","<inline-lambda>","UE_MODULE_NAME","True"
"Binds/Bind_FRandomStream.cpp","74","Bind_FRandomStream","TEXT(""FRandomStream.Functions"")","FRandomStream.Functions","EAngelscriptBindPhase::ExplicitBindings","InlineLambda","<inline-lambda>","UE_MODULE_NAME","True"
"Binds/Bind_FRandomStream.cpp","100","Bind_FRandomStream_ToStringContribution","TEXT(""FRandomStream.ToStringContribution"")","FRandomStream.ToStringContribution","EAngelscriptBindPhase::TypeInfrastructure","InlineLambda","<inline-lambda>","UE_MODULE_NAME","True"
"Binds/Bind_FRange.cpp","147","Bind_FRange","TEXT(""FRange"")","FRange","EAngelscriptBindPhase::PostReflectionBindings","InlineLambda","<inline-lambda>","UE_MODULE_NAME","True"
"Binds/Bind_FRotator.cpp","132","Bind_FRotator_Type","TEXT(""FRotator.Type"")","FRotator.Type","EAngelscriptBindPhase::TypeDeclarations","InlineLambda","<inline-lambda>","UE_MODULE_NAME","True"
"Binds/Bind_FRotator.cpp","142","Bind_FRotator_Infrastructure","TEXT(""FRotator.Infrastructure"")","FRotator.Infrastructure","EAngelscriptBindPhase::TypeInfrastructure","InlineLambda","<inline-lambda>","UE_MODULE_NAME","True"
"Binds/Bind_FRotator.cpp","150","Bind_FRotator","TEXT(""FRotator.Functions"")","FRotator.Functions","EAngelscriptBindPhase::ExplicitBindings","InlineLambda","<inline-lambda>","UE_MODULE_NAME","True"
"Binds/Bind_FRotator3f.cpp","103","Bind_FRotator3f_Type","TEXT(""FRotator3f.Type"")","FRotator3f.Type","EAngelscriptBindPhase::TypeDeclarations","InlineLambda","<inline-lambda>","UE_MODULE_NAME","True"
"Binds/Bind_FRotator3f.cpp","113","Bind_FRotator3f_Infrastructure","TEXT(""FRotator3f.Infrastructure"")","FRotator3f.Infrastructure","EAngelscriptBindPhase::TypeInfrastructure","InlineLambda","<inline-lambda>","UE_MODULE_NAME","True"
"Binds/Bind_FRotator3f.cpp","121","Bind_FRotator3f","TEXT(""FRotator3f.Functions"")","FRotator3f.Functions","EAngelscriptBindPhase::ExplicitBindings","InlineLambda","<inline-lambda>","UE_MODULE_NAME","True"
"Binds/Bind_FSphere.cpp","47","Bind_FSphere_Type","TEXT(""FSphere.Type"")","FSphere.Type","EAngelscriptBindPhase::TypeDeclarations","InlineLambda","<inline-lambda>","UE_MODULE_NAME","True"
"Binds/Bind_FSphere.cpp","59","Bind_FSphere","TEXT(""FSphere.Functions"")","FSphere.Functions","EAngelscriptBindPhase::ExplicitBindings","InlineLambda","<inline-lambda>","UE_MODULE_NAME","True"
"Binds/Bind_FSphere3f.cpp","44","Bind_FSphere3f_Type","TEXT(""FSphere3f.Type"")","FSphere3f.Type","EAngelscriptBindPhase::TypeDeclarations","InlineLambda","<inline-lambda>","UE_MODULE_NAME","True"
"Binds/Bind_FSphere3f.cpp","56","Bind_FSphere3f","TEXT(""FSphere3f.Functions"")","FSphere3f.Functions","EAngelscriptBindPhase::ExplicitBindings","InlineLambda","<inline-lambda>","UE_MODULE_NAME","True"
"Binds/Bind_FString.cpp","1461","Bind_FString_TypeDeclarations","TEXT(""FString.TypeDeclarations"")","FString.TypeDeclarations","EAngelscriptBindPhase::TypeDeclarations","InlineLambda","<inline-lambda>","UE_MODULE_NAME","True"
"Binds/Bind_FString.cpp","1469","Bind_FString_TypeInfrastructure","TEXT(""FString.TypeInfrastructure"")","FString.TypeInfrastructure","EAngelscriptBindPhase::TypeInfrastructure","InlineLambda","<inline-lambda>","UE_MODULE_NAME","True"
"Binds/Bind_FString.cpp","1480","Bind_FString_ManualBindings","TEXT(""FString.ExplicitBindings"")","FString.ExplicitBindings","EAngelscriptBindPhase::ExplicitBindings","InlineLambda","<inline-lambda>","UE_MODULE_NAME","True"
"Binds/Bind_FStringTableRegistry.cpp","48","Bind_FStringTableRegistry_Types","TEXT(""FStringTableRegistry.Types"")","FStringTableRegistry.Types","EAngelscriptBindPhase::TypeDeclarations","InlineLambda","<inline-lambda>","UE_MODULE_NAME","True"
"Binds/Bind_FStringTableRegistry.cpp","59","Bind_FStringTableRegistry","TEXT(""FStringTableRegistry.Manual"")","FStringTableRegistry.Manual","EAngelscriptBindPhase::ExplicitBindings","InlineLambda","<inline-lambda>","UE_MODULE_NAME","True"
"Binds/Bind_FText.cpp","120","Bind_FText_Type","TEXT(""FText.Type"")","FText.Type","EAngelscriptBindPhase::TypeDeclarations","InlineLambda","<inline-lambda>","UE_MODULE_NAME","True"
"Binds/Bind_FText.cpp","140","Bind_FText_Infrastructure","TEXT(""FText.Infrastructure"")","FText.Infrastructure","EAngelscriptBindPhase::TypeInfrastructure","InlineLambda","<inline-lambda>","UE_MODULE_NAME","True"
"Binds/Bind_FText.cpp","151","Bind_FText","TEXT(""FText.Functions"")","FText.Functions","EAngelscriptBindPhase::ExplicitBindings","InlineLambda","<inline-lambda>","UE_MODULE_NAME","True"
"Binds/Bind_FTimespan.cpp","123","Bind_FTimespan","TEXT(""FTimespan.Functions"")","FTimespan.Functions","EAngelscriptBindPhase::ExplicitBindings","InlineLambda","<inline-lambda>","UE_MODULE_NAME","True"
"Binds/Bind_FTransform.cpp","153","Bind_FTransform_Type","TEXT(""FTransform.Type"")","FTransform.Type","EAngelscriptBindPhase::TypeDeclarations","InlineLambda","<inline-lambda>","UE_MODULE_NAME","True"
"Binds/Bind_FTransform.cpp","164","Bind_FTransform_Infrastructure","TEXT(""FTransform.Infrastructure"")","FTransform.Infrastructure","EAngelscriptBindPhase::TypeInfrastructure","InlineLambda","<inline-lambda>","UE_MODULE_NAME","True"
"Binds/Bind_FTransform.cpp","173","Bind_FTransform","TEXT(""FTransform.Functions"")","FTransform.Functions","EAngelscriptBindPhase::ExplicitBindings","InlineLambda","<inline-lambda>","UE_MODULE_NAME","True"
"Binds/Bind_FTransform3f.cpp","159","Bind_FTransform3f_Type","TEXT(""FTransform3f.Type"")","FTransform3f.Type","EAngelscriptBindPhase::TypeDeclarations","InlineLambda","<inline-lambda>","UE_MODULE_NAME","True"
"Binds/Bind_FTransform3f.cpp","170","Bind_FTransform3f_Infrastructure","TEXT(""FTransform3f.Infrastructure"")","FTransform3f.Infrastructure","EAngelscriptBindPhase::TypeInfrastructure","InlineLambda","<inline-lambda>","UE_MODULE_NAME","True"
"Binds/Bind_FTransform3f.cpp","179","Bind_FTransform3f","TEXT(""FTransform3f.Functions"")","FTransform3f.Functions","EAngelscriptBindPhase::ExplicitBindings","InlineLambda","<inline-lambda>","UE_MODULE_NAME","True"
"Binds/Bind_FunctionLibraryMixins.cpp","87","Bind_FunctionLibraryMixins","TEXT(""FunctionLibraryMixins.PostReflection"")","FunctionLibraryMixins.PostReflection","EAngelscriptBindPhase::PostReflectionBindings","InlineLambda","<inline-lambda>","UE_MODULE_NAME","True"
"Binds/Bind_FVector.cpp","239","Bind_FVector_TypeDeclarations","TEXT(""FVector.TypeDeclarations"")","FVector.TypeDeclarations","EAngelscriptBindPhase::TypeDeclarations","InlineLambda","<inline-lambda>","UE_MODULE_NAME","True"
"Binds/Bind_FVector.cpp","250","Bind_FVector_TypeInfrastructure","TEXT(""FVector.TypeInfrastructure"")","FVector.TypeInfrastructure","EAngelscriptBindPhase::TypeInfrastructure","InlineLambda","<inline-lambda>","UE_MODULE_NAME","True"
"Binds/Bind_FVector.cpp","276","Bind_FVector","TEXT(""FVector"")","FVector","EAngelscriptBindPhase::ExplicitBindings","InlineLambda","<inline-lambda>","UE_MODULE_NAME","True"
"Binds/Bind_FVector.cpp","478","Bind_FVector_ToStringContribution","TEXT(""FVector.ToStringContribution"")","FVector.ToStringContribution","EAngelscriptBindPhase::TypeInfrastructure","InlineLambda","<inline-lambda>","UE_MODULE_NAME","True"
"Binds/Bind_FVector2D.cpp","121","Bind_FVector2D_Type","TEXT(""FVector2D.Type"")","FVector2D.Type","EAngelscriptBindPhase::TypeDeclarations","InlineLambda","<inline-lambda>","UE_MODULE_NAME","True"
"Binds/Bind_FVector2D.cpp","132","Bind_FVector2D_Infrastructure","TEXT(""FVector2D.Infrastructure"")","FVector2D.Infrastructure","EAngelscriptBindPhase::TypeInfrastructure","InlineLambda","<inline-lambda>","UE_MODULE_NAME","True"
"Binds/Bind_FVector2D.cpp","141","Bind_FVector2D","TEXT(""FVector2D.Functions"")","FVector2D.Functions","EAngelscriptBindPhase::ExplicitBindings","InlineLambda","<inline-lambda>","UE_MODULE_NAME","True"
"Binds/Bind_FVector2f.cpp","127","Bind_FVector2f_Type","TEXT(""FVector2f.Type"")","FVector2f.Type","EAngelscriptBindPhase::TypeDeclarations","InlineLambda","<inline-lambda>","UE_MODULE_NAME","True"
"Binds/Bind_FVector2f.cpp","138","Bind_FVector2f_Infrastructure","TEXT(""FVector2f.Infrastructure"")","FVector2f.Infrastructure","EAngelscriptBindPhase::TypeInfrastructure","InlineLambda","<inline-lambda>","UE_MODULE_NAME","True"
"Binds/Bind_FVector2f.cpp","162","Bind_FVector2f","TEXT(""FVector2f.Functions"")","FVector2f.Functions","EAngelscriptBindPhase::ExplicitBindings","InlineLambda","<inline-lambda>","UE_MODULE_NAME","True"
"Binds/Bind_FVector3f.cpp","220","Bind_FVector3f_TypeDeclarations","TEXT(""FVector3f.TypeDeclarations"")","FVector3f.TypeDeclarations","EAngelscriptBindPhase::TypeDeclarations","InlineLambda","<inline-lambda>","UE_MODULE_NAME","True"
"Binds/Bind_FVector3f.cpp","231","Bind_FVector3f_TypeInfrastructure","TEXT(""FVector3f.TypeInfrastructure"")","FVector3f.TypeInfrastructure","EAngelscriptBindPhase::TypeInfrastructure","InlineLambda","<inline-lambda>","UE_MODULE_NAME","True"
"Binds/Bind_FVector3f.cpp","241","Bind_FVector3f","TEXT(""FVector3f.Manual"")","FVector3f.Manual","EAngelscriptBindPhase::ExplicitBindings","InlineLambda","<inline-lambda>","UE_MODULE_NAME","True"
"Binds/Bind_FVector4.cpp","54","Bind_FVector4_Type","TEXT(""FVector4.Type"")","FVector4.Type","EAngelscriptBindPhase::TypeDeclarations","InlineLambda","<inline-lambda>","UE_MODULE_NAME","True"
"Binds/Bind_FVector4.cpp","65","Bind_FVector4_Infrastructure","TEXT(""FVector4.Infrastructure"")","FVector4.Infrastructure","EAngelscriptBindPhase::TypeInfrastructure","InlineLambda","<inline-lambda>","UE_MODULE_NAME","True"
"Binds/Bind_FVector4.cpp","74","Bind_FVector4","TEXT(""FVector4.Functions"")","FVector4.Functions","EAngelscriptBindPhase::ExplicitBindings","InlineLambda","<inline-lambda>","UE_MODULE_NAME","True"
"Binds/Bind_FVector4f.cpp","59","Bind_FVector4f_Type","TEXT(""FVector4f.Type"")","FVector4f.Type","EAngelscriptBindPhase::TypeDeclarations","InlineLambda","<inline-lambda>","UE_MODULE_NAME","True"
"Binds/Bind_FVector4f.cpp","70","Bind_FVector4f_Infrastructure","TEXT(""FVector4f.Infrastructure"")","FVector4f.Infrastructure","EAngelscriptBindPhase::TypeInfrastructure","InlineLambda","<inline-lambda>","UE_MODULE_NAME","True"
"Binds/Bind_FVector4f.cpp","79","Bind_FVector4f","TEXT(""FVector4f.Functions"")","FVector4f.Functions","EAngelscriptBindPhase::ExplicitBindings","InlineLambda","<inline-lambda>","UE_MODULE_NAME","True"
"Binds/Bind_Hash.cpp","40","Bind_Hash","TEXT(""Hash"")","Hash","EAngelscriptBindPhase::ExplicitBindings","InlineLambda","<inline-lambda>","UE_MODULE_NAME","True"
"Binds/Bind_InputComponentScriptMixins.cpp","21","Bind_InputComponentScriptMixins","TEXT(""InputComponentScriptMixins.GeneratedOverrides"")","InputComponentScriptMixins.GeneratedOverrides","EAngelscriptBindPhase::ExplicitBindings","InlineLambda","<inline-lambda>","UE_MODULE_NAME","True"
"Binds/Bind_InputEvents.cpp","301","Bind_InputEvents_ToStringContribution","TEXT(""InputEvents.FKeyToStringContribution"")","InputEvents.FKeyToStringContribution","EAngelscriptBindPhase::TypeInfrastructure","InlineLambda","<inline-lambda>","UE_MODULE_NAME","True"
"Binds/Bind_InputEvents.cpp","309","Bind_InputEvents","TEXT(""InputEvents.Manual"")","InputEvents.Manual","EAngelscriptBindPhase::ExplicitBindings","InlineLambda","<inline-lambda>","UE_MODULE_NAME","True"
"Binds/Bind_Json.cpp","152","Bind_Json_TypeDeclarations","TEXT(""Json.TypeDeclarations"")","Json.TypeDeclarations","EAngelscriptBindPhase::TypeDeclarations","InlineLambda","<inline-lambda>","UE_MODULE_NAME","True"
"Binds/Bind_Json.cpp","172","Bind_Json","TEXT(""Json.Manual"")","Json.Manual","EAngelscriptBindPhase::ExplicitBindings","InlineLambda","<inline-lambda>","UE_MODULE_NAME","True"
"Binds/Bind_JsonObjectConverter.cpp","34","Bind_JsonObjectConverter","TEXT(""JsonObjectConverter.Functions"")","JsonObjectConverter.Functions","EAngelscriptBindPhase::ExplicitBindings","InlineLambda","<inline-lambda>","UE_MODULE_NAME","True"
"Binds/Bind_LandscapeProxy.cpp","22","Bind_ALandscapeProxy","TEXT(""ALandscapeProxy.GetHeightAtLocation"")","ALandscapeProxy.GetHeightAtLocation","EAngelscriptBindPhase::ExplicitBindings","InlineLambda","<inline-lambda>","UE_MODULE_NAME","True"
"Binds/Bind_Logging.cpp","80","Bind_Logging","TEXT(""Logging.Functions"")","Logging.Functions","EAngelscriptBindPhase::ExplicitBindings","InlineLambda","<inline-lambda>","UE_MODULE_NAME","True"
"Binds/Bind_NativeModuleFunctionBinding.cpp","634","Bind_AS_NativeModuleFunctionBinding","TEXT(""NativeModuleFunctionBinding.GeneratedTransport"")","NativeModuleFunctionBinding.GeneratedTransport","EAngelscriptBindPhase::GeneratedBindings","InlineLambda","<inline-lambda>","UE_MODULE_NAME","True"
"Binds/Bind_Primitives.cpp","128","Bind_PrimitiveTypes_TypeInfrastructure","TEXT(""PrimitiveTypes.TypeInfrastructure"")","PrimitiveTypes.TypeInfrastructure","EAngelscriptBindPhase::TypeInfrastructure","InlineLambda","<inline-lambda>","UE_MODULE_NAME","True"
"Binds/Bind_Primitives.cpp","179","Bind_PrimitiveTypes_ToStringContribution","TEXT(""PrimitiveTypes.ToStringContribution"")","PrimitiveTypes.ToStringContribution","EAngelscriptBindPhase::TypeInfrastructure","InlineLambda","<inline-lambda>","UE_MODULE_NAME","True"
"Binds/Bind_Primitives.cpp","240","Bind_PrimitiveTypes","TEXT(""PrimitiveTypes.Constants"")","PrimitiveTypes.Constants","EAngelscriptBindPhase::TypeInfrastructure","InlineLambda","<inline-lambda>","UE_MODULE_NAME","True"
"Binds/Bind_SoftObjectPath.cpp","77","Bind_SoftObjectPath","TEXT(""SoftObjectPath.Functions"")","SoftObjectPath.Functions","EAngelscriptBindPhase::ExplicitBindings","InlineLambda","<inline-lambda>","UE_MODULE_NAME","True"
"Binds/Bind_SoftObjectPath.cpp","110","Bind_SoftObjectPath_ToStringContributions","TEXT(""SoftObjectPath.ToStringContributions"")","SoftObjectPath.ToStringContributions","EAngelscriptBindPhase::TypeInfrastructure","InlineLambda","<inline-lambda>","UE_MODULE_NAME","True"
"Binds/Bind_Stats.cpp","47","Bind_Stats_Types","TEXT(""Stats.Types"")","Stats.Types","EAngelscriptBindPhase::TypeDeclarations","InlineLambda","<inline-lambda>","UE_MODULE_NAME","True"
"Binds/Bind_Stats.cpp","59","Bind_Stats","TEXT(""Stats.Functions"")","Stats.Functions","EAngelscriptBindPhase::ExplicitBindings","InlineLambda","<inline-lambda>","UE_MODULE_NAME","True"
"Binds/Bind_Subsystems.cpp","47","Bind_Subsystems","TEXT(""Subsystems.PostReflection"")","Subsystems.PostReflection","EAngelscriptBindPhase::PostReflectionBindings","InlineLambda","<inline-lambda>","UE_MODULE_NAME","True"
"Binds/Bind_SystemTimers.cpp","37","Bind_SystemTimers","TEXT(""SystemTimers"")","SystemTimers","EAngelscriptBindPhase::ExplicitBindings","InlineLambda","<inline-lambda>","UE_MODULE_NAME","True"
"Binds/Bind_TArray.cpp","1084","Bind_TArray_TypeDeclarations","TEXT(""TArray.Declaration"")","TArray.Declaration","EAngelscriptBindPhase::TypeDeclarations","InlineLambda","<inline-lambda>","UE_MODULE_NAME","True"
"Binds/Bind_TArray.cpp","1102","Bind_TArray_MethodSurface","TEXT(""TArray.MethodSurface"")","TArray.MethodSurface","EAngelscriptBindPhase::TypeInfrastructure","InlineLambda","<inline-lambda>","UE_MODULE_NAME","True"
"Binds/Bind_TArray.cpp","1296","Bind_TArray_TypeInfrastructure","TEXT(""TArray.TypeInfrastructure"")","TArray.TypeInfrastructure","EAngelscriptBindPhase::TypeInfrastructure","InlineLambda","<inline-lambda>","UE_MODULE_NAME","True"
"Binds/Bind_TMap.cpp","492","Bind_TMap_TypeDeclarations","TEXT(""TMap.Declaration"")","TMap.Declaration","EAngelscriptBindPhase::TypeDeclarations","InlineLambda","<inline-lambda>","UE_MODULE_NAME","True"
"Binds/Bind_TMap.cpp","510","Bind_TMap_MethodSurface","TEXT(""TMap.MethodSurface"")","TMap.MethodSurface","EAngelscriptBindPhase::TypeInfrastructure","InlineLambda","<inline-lambda>","UE_MODULE_NAME","True"
"Binds/Bind_TMap.cpp","660","Bind_TMap_TypeInfrastructure","TEXT(""TMap.TypeInfrastructure"")","TMap.TypeInfrastructure","EAngelscriptBindPhase::TypeInfrastructure","InlineLambda","<inline-lambda>","UE_MODULE_NAME","True"
"Binds/Bind_TOptional.cpp","246","Bind_TOptional_TypeDeclarations","TEXT(""TOptional.Declaration"")","TOptional.Declaration","EAngelscriptBindPhase::TypeDeclarations","InlineLambda","<inline-lambda>","UE_MODULE_NAME","True"
"Binds/Bind_TOptional.cpp","260","Bind_TOptional_MethodSurface","TEXT(""TOptional.MethodSurface"")","TOptional.MethodSurface","EAngelscriptBindPhase::TypeInfrastructure","InlineLambda","<inline-lambda>","UE_MODULE_NAME","True"
"Binds/Bind_TOptional.cpp","330","Bind_TOptional_TypeInfrastructure","TEXT(""TOptional.TypeInfrastructure"")","TOptional.TypeInfrastructure","EAngelscriptBindPhase::TypeInfrastructure","InlineLambda","<inline-lambda>","UE_MODULE_NAME","True"
"Binds/Bind_TSet.cpp","324","Bind_TSet_TypeDeclarations","TEXT(""TSet.Declaration"")","TSet.Declaration","EAngelscriptBindPhase::TypeDeclarations","InlineLambda","<inline-lambda>","UE_MODULE_NAME","True"
"Binds/Bind_TSet.cpp","342","Bind_TSet_MethodSurface","TEXT(""TSet.MethodSurface"")","TSet.MethodSurface","EAngelscriptBindPhase::TypeInfrastructure","InlineLambda","<inline-lambda>","UE_MODULE_NAME","True"
"Binds/Bind_TSet.cpp","440","Bind_TSet_TypeInfrastructure","TEXT(""TSet.TypeInfrastructure"")","TSet.TypeInfrastructure","EAngelscriptBindPhase::TypeInfrastructure","InlineLambda","<inline-lambda>","UE_MODULE_NAME","True"
"Binds/Bind_TSoftObjectPtr.cpp","142","Bind_TSoftObjectPtr_TypeDeclarations","TEXT(""SoftReferences.Declarations"")","SoftReferences.Declarations","EAngelscriptBindPhase::TypeDeclarations","InlineLambda","<inline-lambda>","UE_MODULE_NAME","True"
"Binds/Bind_TSoftObjectPtr.cpp","156","Bind_TSoftObjectPtr_TypeInfrastructure","TEXT(""SoftReferences.TypeInfrastructure"")","SoftReferences.TypeInfrastructure","EAngelscriptBindPhase::TypeInfrastructure","InlineLambda","<inline-lambda>","UE_MODULE_NAME","True"
"Binds/Bind_TSoftObjectPtr.cpp","209","Bind_TSoftObjectPtr_Functions","TEXT(""SoftReferences.Functions"")","SoftReferences.Functions","EAngelscriptBindPhase::ExplicitBindings","InlineLambda","<inline-lambda>","UE_MODULE_NAME","True"
"Binds/Bind_UActorComponent.cpp","120","Bind_UActorComponent","TEXT(""UActorComponent.Manual"")","UActorComponent.Manual","EAngelscriptBindPhase::ExplicitBindings","InlineLambda","<inline-lambda>","UE_MODULE_NAME","True"
"Binds/Bind_UActorComponent.cpp","185","Bind_Components","TEXT(""UActorComponent.PostReflection"")","UActorComponent.PostReflection","EAngelscriptBindPhase::PostReflectionBindings","InlineLambda","<inline-lambda>","UE_MODULE_NAME","True"
"Binds/Bind_UAssetManager.cpp","62","Bind_UAssetManager_ToStringContributions","TEXT(""UAssetManager.PrimaryAssetToStringContributions"")","UAssetManager.PrimaryAssetToStringContributions","EAngelscriptBindPhase::TypeInfrastructure","InlineLambda","<inline-lambda>","UE_MODULE_NAME","True"
"Binds/Bind_UAssetManager.cpp","71","Bind_UAssetManager","TEXT(""UAssetManager.Functions"")","UAssetManager.Functions","EAngelscriptBindPhase::ExplicitBindings","InlineLambda","<inline-lambda>","UE_MODULE_NAME","True"
"Binds/Bind_UCollisionProfile.cpp","28","Bind_UCollisionProfile","TEXT(""UCollisionProfile"")","UCollisionProfile","EAngelscriptBindPhase::ExplicitBindings","InlineLambda","<inline-lambda>","UE_MODULE_NAME","True"
"Binds/Bind_UDataTable.cpp","56","Bind_UDataTable","TEXT(""UDataTable"")","UDataTable","EAngelscriptBindPhase::ExplicitBindings","InlineLambda","<inline-lambda>","UE_MODULE_NAME","True"
"Binds/Bind_UEnhancedInputComponent.cpp","84","Bind_UEnhancedInputComponent","TEXT(""UEnhancedInputComponent"")","UEnhancedInputComponent","EAngelscriptBindPhase::ExplicitBindings","InlineLambda","<inline-lambda>","UE_MODULE_NAME","True"
"Binds/Bind_UEnum.cpp","128","Bind_Enums","TEXT(""Enums"")","Enums","EAngelscriptBindPhase::TypeDeclarations","InlineLambda","<inline-lambda>","UE_MODULE_NAME","True"
"Binds/Bind_UEnum.cpp","323","Bind_EGetByNameFlags","TEXT(""EGetByNameFlags"")","EGetByNameFlags","EAngelscriptBindPhase::TypeDeclarations","InlineLambda","<inline-lambda>","UE_MODULE_NAME","True"
"Binds/Bind_UEnum.cpp","335","Bind_UEnum","TEXT(""UEnum"")","UEnum","EAngelscriptBindPhase::ExplicitBindings","InlineLambda","<inline-lambda>","UE_MODULE_NAME","True"
"Binds/Bind_UFXSystemComponent.cpp","14","Bind_UFXSystemComponent","TEXT(""UFXSystemComponent"")","UFXSystemComponent","EAngelscriptBindPhase::ExplicitBindings","InlineLambda","<inline-lambda>","UE_MODULE_NAME","True"
"Binds/Bind_UGameInstance.cpp","50","Bind_UGameInstance","TEXT(""UGameInstance"")","UGameInstance","EAngelscriptBindPhase::ExplicitBindings","InlineLambda","<inline-lambda>","UE_MODULE_NAME","True"
"Binds/Bind_UInputMappingContext.cpp","69","Bind_UInputAction_Late","TEXT(""UInputMappingContext.InputAction"")","UInputMappingContext.InputAction","EAngelscriptBindPhase::ExplicitBindings","InlineLambda","<inline-lambda>","UE_MODULE_NAME","True"
"Binds/Bind_UInputMappingContext.cpp","85","Bind_FEnhancedActionKeyMapping_Late","TEXT(""UInputMappingContext.EnhancedActionKeyMapping"")","UInputMappingContext.EnhancedActionKeyMapping","EAngelscriptBindPhase::ExplicitBindings","InlineLambda","<inline-lambda>","UE_MODULE_NAME","True"
"Binds/Bind_UInputMappingContext.cpp","111","Bind_UInputMappingContext_Late","TEXT(""UInputMappingContext.Functions"")","UInputMappingContext.Functions","EAngelscriptBindPhase::ExplicitBindings","InlineLambda","<inline-lambda>","UE_MODULE_NAME","True"
"Binds/Bind_UInputSettings.cpp","29","Bind_UInputSettings","TEXT(""UInputSettings"")","UInputSettings","EAngelscriptBindPhase::ExplicitBindings","InlineLambda","<inline-lambda>","UE_MODULE_NAME","True"
"Binds/Bind_ULocalPlayer.cpp","16","Bind_ULocalPlayer","TEXT(""ULocalPlayer"")","ULocalPlayer","EAngelscriptBindPhase::ExplicitBindings","InlineLambda","<inline-lambda>","UE_MODULE_NAME","True"
"Binds/Bind_UObject.cpp","166","Bind_UObject_Base","TEXT(""UObject.Base"")","UObject.Base","EAngelscriptBindPhase::ExplicitBindings","InlineLambda","<inline-lambda>","UE_MODULE_NAME","True"
"Binds/Bind_UObject.cpp","229","Bind_UObject_ToStringContribution","TEXT(""UObject.ToStringContribution"")","UObject.ToStringContribution","EAngelscriptBindPhase::TypeInfrastructure","InlineLambda","<inline-lambda>","UE_MODULE_NAME","True"
"Binds/Bind_UObject.cpp","241","Bind_UClass_Base","TEXT(""UClass.Base"")","UClass.Base","EAngelscriptBindPhase::ExplicitBindings","InlineLambda","<inline-lambda>","UE_MODULE_NAME","True"
"Binds/Bind_UObject.cpp","271","Bind_UFunction_Base","TEXT(""UFunction.Base"")","UFunction.Base","EAngelscriptBindPhase::ExplicitBindings","InlineLambda","<inline-lambda>","UE_MODULE_NAME","True"
"Binds/Bind_UObject.cpp","358","Bind_UObject_Operations","TEXT(""UObject.Operations"")","UObject.Operations","EAngelscriptBindPhase::ExplicitBindings","InlineLambda","<inline-lambda>","UE_MODULE_NAME","True"
"Binds/Bind_UPackage.cpp","13","Bind_UPackage","TEXT(""UPackage"")","UPackage","EAngelscriptBindPhase::ExplicitBindings","InlineLambda","<inline-lambda>","UE_MODULE_NAME","True"
"Binds/Bind_UPoseableMeshComponent.cpp","22","Bind_UPoseableMeshComponent","TEXT(""UPoseableMeshComponent"")","UPoseableMeshComponent","EAngelscriptBindPhase::ExplicitBindings","InlineLambda","<inline-lambda>","UE_MODULE_NAME","True"
"Binds/Bind_UPrimitiveComponent.cpp","37","Bind_UPrimitiveComponent","TEXT(""UPrimitiveComponent"")","UPrimitiveComponent","EAngelscriptBindPhase::ExplicitBindings","InlineLambda","<inline-lambda>","UE_MODULE_NAME","True"
"Binds/Bind_UProjectileMovementComponent.cpp","24","Bind_UProjectileMovementComponent","TEXT(""UProjectileMovementComponent"")","UProjectileMovementComponent","EAngelscriptBindPhase::ExplicitBindings","InlineLambda","<inline-lambda>","UE_MODULE_NAME","True"
"Binds/Bind_USceneComponent.cpp","41","Bind_USceneComponent","TEXT(""USceneComponent.Functions"")","USceneComponent.Functions","EAngelscriptBindPhase::ExplicitBindings","InlineLambda","<inline-lambda>","UE_MODULE_NAME","True"
"Binds/Bind_USkeletalMeshComponent.cpp","18","Bind_USkeletalMeshComponent","TEXT(""USkeletalMeshComponent"")","USkeletalMeshComponent","EAngelscriptBindPhase::ExplicitBindings","InlineLambda","<inline-lambda>","UE_MODULE_NAME","True"
"Binds/Bind_USkinnedMeshComponent.cpp","16","Bind_USkinnedMeshComponent","TEXT(""USkinnedMeshComponent"")","USkinnedMeshComponent","EAngelscriptBindPhase::ExplicitBindings","InlineLambda","<inline-lambda>","UE_MODULE_NAME","True"
"Binds/Bind_UStruct.cpp","241","Bind_UStruct_TypeDeclarations","TEXT(""UStruct.TypeDeclarations"")","UStruct.TypeDeclarations","EAngelscriptBindPhase::TypeDeclarations","InlineLambda","<inline-lambda>","UE_MODULE_NAME","True"
"Binds/Bind_UStruct.cpp","262","Bind_UStruct_TypeInfrastructure","TEXT(""UStruct.TypeInfrastructure"")","UStruct.TypeInfrastructure","EAngelscriptBindPhase::TypeInfrastructure","InlineLambda","<inline-lambda>","UE_MODULE_NAME","True"
"Binds/Bind_UStruct.cpp","276","Bind_UStruct_ReflectionBindings","TEXT(""UStruct.ReflectionBindings"")","UStruct.ReflectionBindings","EAngelscriptBindPhase::ReflectionBindings","InlineLambda","<inline-lambda>","UE_MODULE_NAME","True"
"Binds/Bind_UStruct.cpp","493","Bind_UStruct_TypeDeclarations","TEXT(""UStruct.TypeDeclarations"")","UStruct.TypeDeclarations","EAngelscriptBindPhase::TypeDeclarations","InlineLambda","<inline-lambda>","UE_MODULE_NAME","True"
"Binds/Bind_UStruct.cpp","511","Bind_UStruct_TypeInfrastructure","TEXT(""UStruct.TypeInfrastructure"")","UStruct.TypeInfrastructure","EAngelscriptBindPhase::TypeInfrastructure","InlineLambda","<inline-lambda>","UE_MODULE_NAME","True"
"Binds/Bind_UStruct.cpp","525","Bind_UStruct_ReflectionBindings","TEXT(""UStruct.ReflectionBindings"")","UStruct.ReflectionBindings","EAngelscriptBindPhase::ReflectionBindings","InlineLambda","<inline-lambda>","UE_MODULE_NAME","True"
"Binds/Bind_UUserWidget.cpp","90","Bind_UUserWidget","TEXT(""UUserWidget.Manual"")","UUserWidget.Manual","EAngelscriptBindPhase::ExplicitBindings","InlineLambda","<inline-lambda>","UE_MODULE_NAME","True"
"Binds/Bind_UWorld.cpp","122","Bind_WorldType","TEXT(""UWorld.WorldType"")","UWorld.WorldType","EAngelscriptBindPhase::TypeDeclarations","InlineLambda","<inline-lambda>","UE_MODULE_NAME","True"
"Binds/Bind_UWorld.cpp","138","Bind_NetMode","TEXT(""UWorld.NetMode"")","UWorld.NetMode","EAngelscriptBindPhase::TypeDeclarations","InlineLambda","<inline-lambda>","UE_MODULE_NAME","True"
"Binds/Bind_UWorld.cpp","151","Bind_World","TEXT(""UWorld.Functions"")","UWorld.Functions","EAngelscriptBindPhase::ExplicitBindings","InlineLambda","<inline-lambda>","UE_MODULE_NAME","True"
"Binds/Bind_WorldCollision.cpp","555","Bind_WorldCollision_TypeDeclarations","TEXT(""WorldCollision.TypeDeclarations"")","WorldCollision.TypeDeclarations","EAngelscriptBindPhase::TypeDeclarations","InlineLambda","<inline-lambda>","UE_MODULE_NAME","True"
"Binds/Bind_WorldCollision.cpp","566","Bind_WorldCollision_TypeInfrastructure","TEXT(""WorldCollision.TypeInfrastructure"")","WorldCollision.TypeInfrastructure","EAngelscriptBindPhase::TypeInfrastructure","InlineLambda","<inline-lambda>","UE_MODULE_NAME","True"
"Binds/Bind_WorldCollision.cpp","576","Bind_WorldCollision_ManualBindings","TEXT(""WorldCollision.ExplicitBindings"")","WorldCollision.ExplicitBindings","EAngelscriptBindPhase::ExplicitBindings","InlineLambda","<inline-lambda>","UE_MODULE_NAME","True"
"Core/AngelscriptBinds.cpp","565","Bind_DirectBindArchitectureProbe","TEXT(""DirectBindArchitectureProbe"")","DirectBindArchitectureProbe","EAngelscriptBindPhase::Finalization","FunctionPointer","&ExecuteDirectBindArchitectureProbe","UE_MODULE_NAME","True"
"Core/AngelscriptSkipBinds.cpp","31","Bind_Skip","TEXT(""SkipBinds.Defaults"")","SkipBinds.Defaults","EAngelscriptBindPhase::ExplicitBindings","FunctionPointer","&BindDefaultSkipConfiguration","UE_MODULE_NAME","True"
"Testing/AngelscriptTest.cpp","388","Bind_AngelscriptTest","TEXT(""AngelscriptTest.ExplicitBindings"")","AngelscriptTest.ExplicitBindings","EAngelscriptBindPhase::ExplicitBindings","FunctionPointer","&BindAngelscriptTest","UE_MODULE_NAME","True"
"Testing/AngelscriptTestSuite.cpp","175","Bind_AngelscriptScriptTestSuite","TEXT(""AngelscriptScriptTestSuite.ExplicitBindings"")","AngelscriptScriptTestSuite.ExplicitBindings","EAngelscriptBindPhase::ExplicitBindings","FunctionPointer","&BindAngelscriptScriptTestSuite","UE_MODULE_NAME","True"
